time,sonar,bluewhale,humpbackwhale,ships,bocaccio,plainfinmidshipman,explosions,dolphins,finwhale
2018-11-01 00:00:00+00:00,0.0,0,0.0,0,0,0.0,0,0.0,0.0
2018-11-02 00:00:00+00:00,0.0,0,0.0,0,0,0.0,0,0.0,0.0
2018-11-03 00:00:00+00:00,0.0,0,0.0,0,0,0.0,0,0.0,0.0
2018-11-04 00:00:00+00:00,0.0,0,0.0,0,0,0.0,0,0.0,0.0
2018-11-05 00:00:00+00:00,0.0,0,0.0,0,0,0.0,0,0.0,0.0
2018-11-06 00:00:00+00:00,0.0,0,0.0,0,0,0.0,0,0.0,0.0
2018-11-07 00:00:00+00:00,0.0,0,0.0,0,0,0.0,0,0.0,0.0
2018-11-08 00:00:00+00:00,0.0,0,0.0,0,0,0.0,0,0.0,0.0
2018-11-09 00:00:00+00:00,0.0,0,0.0,0,0,0.0,0,0.0,0.0
2018-11-10 00:00:00+00:00,0.0,0,0.0,0,0,0.0,0,0.0,0.0
2018-11-11 00:00:00+00:00,0.0,0,0.0,0,0,0.0,0,0.0,0.0
2018-11-12 00:00:00+00:00,0.0,0,0.0,0,0,0.0,0,0.0,0.0
2018-11-13 00:00:00+00:00,0.0,0,0.0,0,0,0.0,0,0.0,0.0
2018-11-14 00:00:00+00:00,0.0,0,0.0,0,0,0.0,0,0.0,0.0
2018-11-15 00:00:00+00:00,0.0,0,1.0,2,0,0.0,0,0.0,0.0
2018-11-16 00:00:00+00:00,0.0,21,1.0,3,0,,23,0.0,1.0
2018-11-17 00:00:00+00:00,0.0,14,1.0,3,0,,0,0.0,1.0
2018-11-18 00:00:00+00:00,0.0,74,1.0,4,0,,23,0.0,1.0
2018-11-19 00:00:00+00:00,0.0,8,1.0,8,0,,0,0.0,1.0
2018-11-20 00:00:00+00:00,0.0,142,0.0,2,0,,0,0.0,0.0
2018-11-21 00:00:00+00:00,0.0,16,1.0,0,0,,1,0.0,0.0
2018-11-22 00:00:00+00:00,0.0,3,1.0,1,0,,0,0.0,1.0
2018-11-23 00:00:00+00:00,0.0,261,1.0,1,0,,8,0.0,1.0
2018-11-24 00:00:00+00:00,0.0,598,1.0,0,0,,0,0.0,1.0
2018-11-25 00:00:00+00:00,0.0,370,1.0,5,0,,1,0.0,1.0
2018-11-26 00:00:00+00:00,0.0,161,1.0,2,0,,0,0.0,1.0
2018-11-27 00:00:00+00:00,0.0,90,1.0,5,0,,1,0.0,1.0
2018-11-28 00:00:00+00:00,0.0,128,1.0,1,0,,1,0.0,1.0
2018-11-29 00:00:00+00:00,0.0,18,1.0,0,0,,0,0.0,1.0
2018-11-30 00:00:00+00:00,0.0,185,0.0,0,0,,0,0.0,1.0
2018-12-01 00:00:00+00:00,0.0,36,1.0,0,0,,0,0.0,1.0
2018-12-02 00:00:00+00:00,0.0,128,1.0,6,0,,0,0.0,1.0
2018-12-03 00:00:00+00:00,0.0,11,1.0,3,0,,0,0.0,1.0
2018-12-04 00:00:00+00:00,0.0,166,1.0,4,0,,0,0.0,1.0
2018-12-05 00:00:00+00:00,0.0,77,1.0,0,0,,0,0.0,1.0
2018-12-06 00:00:00+00:00,0.0,12,1.0,0,0,,0,0.0,1.0
2018-12-07 00:00:00+00:00,0.0,28,1.0,7,0,,0,0.0,1.0
2018-12-08 00:00:00+00:00,0.0,524,1.0,6,0,,0,0.0,1.0
2018-12-09 00:00:00+00:00,0.0,9,0.0,5,0,,1,0.0,1.0
2018-12-10 00:00:00+00:00,0.0,57,1.0,4,0,,0,0.0,1.0
2018-12-11 00:00:00+00:00,0.0,73,1.0,4,0,,0,0.0,1.0
2018-12-12 00:00:00+00:00,0.0,79,1.0,3,0,,0,0.0,1.0
2018-12-13 00:00:00+00:00,0.0,68,1.0,5,0,,0,0.0,1.0
2018-12-14 00:00:00+00:00,0.0,158,1.0,2,0,,0,0.0,1.0
2018-12-15 00:00:00+00:00,0.0,48,1.0,2,0,,0,0.0,1.0
2018-12-16 00:00:00+00:00,0.0,288,1.0,0,0,,0,0.0,1.0
2018-12-17 00:00:00+00:00,0.0,167,1.0,1,0,,1,0.0,1.0
2018-12-18 00:00:00+00:00,0.0,34,1.0,2,0,,0,0.0,1.0
2018-12-19 00:00:00+00:00,0.0,0,1.0,0,0,,0,0.0,1.0
2018-12-20 00:00:00+00:00,0.0,40,1.0,3,0,,0,0.0,0.0
2018-12-21 00:00:00+00:00,0.0,0,1.0,7,0,,0,0.0,1.0
2018-12-22 00:00:00+00:00,0.0,17,1.0,2,0,,0,0.0,1.0
2018-12-23 00:00:00+00:00,0.0,36,1.0,4,0,,0,0.0,1.0
2018-12-24 00:00:00+00:00,,15,1.0,0,0,,0,0.0,0.0
2018-12-25 00:00:00+00:00,,31,0.0,0,0,,0,0.0,1.0
2018-12-26 00:00:00+00:00,,15,1.0,0,0,,0,0.0,0.0
2018-12-27 00:00:00+00:00,,34,1.0,0,0,,0,0.0,0.0
2018-12-28 00:00:00+00:00,,2,1.0,6,0,,0,0.0,0.0
2018-12-29 00:00:00+00:00,,0,1.0,7,0,,0,0.0,1.0
2018-12-30 00:00:00+00:00,,0,1.0,5,0,,0,0.0,0.0
2018-12-31 00:00:00+00:00,,0,1.0,0,0,,0,0.0,0.0
2019-01-01 00:00:00+00:00,,0,1.0,4,0,,0,0.0,0.0
2019-01-02 00:00:00+00:00,,0,1.0,5,0,,0,0.0,0.0
2019-01-03 00:00:00+00:00,,0,1.0,4,0,,0,0.0,0.0
2019-01-04 00:00:00+00:00,,0,0.0,4,0,,0,0.0,1.0
2019-01-05 00:00:00+00:00,,0,0.0,0,0,,0,0.0,0.0
2019-01-06 00:00:00+00:00,,0,1.0,1,0,,0,0.0,1.0
2019-01-07 00:00:00+00:00,,0,1.0,5,0,,0,0.0,0.0
2019-01-08 00:00:00+00:00,,0,1.0,3,0,,0,0.0,0.0
2019-01-09 00:00:00+00:00,,0,1.0,3,0,,0,0.0,0.0
2019-01-10 00:00:00+00:00,,0,1.0,4,0,,0,0.0,0.0
2019-01-11 00:00:00+00:00,,0,1.0,1,0,,0,0.0,0.0
2019-01-12 00:00:00+00:00,,0,1.0,1,0,,0,0.0,0.0
2019-01-13 00:00:00+00:00,,0,1.0,0,0,,0,0.0,0.0
2019-01-14 00:00:00+00:00,,0,1.0,0,0,,0,0.0,0.0
2019-01-15 00:00:00+00:00,,0,1.0,0,0,,0,0.0,1.0
2019-01-16 00:00:00+00:00,,0,1.0,0,0,,0,0.0,0.0
2019-01-17 00:00:00+00:00,,0,1.0,1,0,,0,0.0,1.0
2019-01-18 00:00:00+00:00,,2,1.0,2,66,,0,0.0,0.0
2019-01-19 00:00:00+00:00,,0,1.0,8,56,,0,0.0,0.0
2019-01-20 00:00:00+00:00,,0,1.0,0,26,,0,0.0,0.0
2019-01-21 00:00:00+00:00,,0,1.0,1,12,,0,0.0,0.0
2019-01-22 00:00:00+00:00,,0,1.0,6,4,,0,0.0,1.0
2019-01-23 00:00:00+00:00,,0,1.0,5,3,,0,0.0,1.0
2019-01-24 00:00:00+00:00,,3,1.0,2,1,,0,0.0,1.0
2019-01-25 00:00:00+00:00,,13,1.0,4,4,,0,0.0,1.0
2019-01-26 00:00:00+00:00,,0,1.0,6,7,,0,0.0,1.0
2019-01-27 00:00:00+00:00,,0,1.0,8,10,,0,0.0,1.0
2019-01-28 00:00:00+00:00,,0,1.0,4,3,,1,0.0,1.0
2019-01-29 00:00:00+00:00,,0,1.0,8,6,,0,0.0,1.0
2019-01-30 00:00:00+00:00,,0,1.0,8,6,,0,0.0,0.0
2019-01-31 00:00:00+00:00,,0,1.0,8,5,,0,0.0,1.0
2019-02-01 00:00:00+00:00,,0,1.0,1,3,,0,0.0,0.0
2019-02-02 00:00:00+00:00,,0,1.0,0,0,,0,0.0,0.0
2019-02-03 00:00:00+00:00,,0,1.0,1,12,,0,0.0,1.0
2019-02-04 00:00:00+00:00,,0,0.0,0,12,,0,0.0,0.0
2019-02-05 00:00:00+00:00,,0,1.0,7,32,,0,0.0,0.0
2019-02-06 00:00:00+00:00,,0,1.0,1,32,,0,0.0,1.0
2019-02-07 00:00:00+00:00,,0,1.0,4,7,,0,0.0,0.0
2019-02-08 00:00:00+00:00,,0,1.0,0,5,,0,0.0,0.0
2019-02-09 00:00:00+00:00,,0,1.0,1,18,,0,0.0,0.0
2019-02-10 00:00:00+00:00,,0,0.0,0,6,,0,0.0,0.0
2019-02-11 00:00:00+00:00,,0,1.0,2,5,,0,0.0,1.0
2019-02-12 00:00:00+00:00,,0,0.0,3,12,,0,0.0,1.0
2019-02-13 00:00:00+00:00,,0,0.0,0,7,,0,0.0,0.0
2019-02-14 00:00:00+00:00,,0,1.0,0,19,,0,0.0,0.0
2019-02-15 00:00:00+00:00,,0,1.0,1,35,,0,0.0,0.0
2019-02-16 00:00:00+00:00,,0,0.0,2,33,,0,0.0,0.0
2019-02-17 00:00:00+00:00,,0,0.0,0,12,,0,0.0,0.0
2019-02-18 00:00:00+00:00,,0,1.0,2,2,,0,0.0,0.0
2019-02-19 00:00:00+00:00,,0,1.0,9,2,,0,0.0,0.0
2019-02-20 00:00:00+00:00,,0,1.0,0,1,,0,0.0,0.0
2019-02-21 00:00:00+00:00,,0,0.0,0,1,,0,0.0,0.0
2019-02-22 00:00:00+00:00,,0,0.0,5,1,,0,0.0,0.0
2019-02-23 00:00:00+00:00,,0,0.0,7,5,,0,0.0,0.0
2019-02-24 00:00:00+00:00,,0,0.0,7,1,,0,0.0,0.0
2019-02-25 00:00:00+00:00,,0,1.0,2,0,,0,0.0,0.0
2019-02-26 00:00:00+00:00,,0,0.0,0,0,,0,0.0,0.0
2019-02-27 00:00:00+00:00,,0,0.0,0,1,,0,0.0,0.0
2019-02-28 00:00:00+00:00,,0,0.0,7,7,,0,0.0,0.0
2019-03-01 00:00:00+00:00,,0,0.0,10,4,,0,0.0,0.0
2019-03-02 00:00:00+00:00,,0,0.0,1,4,,0,0.0,0.0
2019-03-03 00:00:00+00:00,,0,1.0,2,5,,0,0.0,1.0
2019-03-04 00:00:00+00:00,,0,0.0,10,1,,0,0.0,1.0
2019-03-05 00:00:00+00:00,,0,0.0,5,3,,1,0.0,0.0
2019-03-06 00:00:00+00:00,,0,0.0,1,1,,0,0.0,0.0
2019-03-07 00:00:00+00:00,,0,0.0,4,6,,1,0.0,0.0
2019-03-08 00:00:00+00:00,,0,0.0,1,5,,0,0.0,0.0
2019-03-09 00:00:00+00:00,,0,1.0,0,4,,0,0.0,0.0
2019-03-10 00:00:00+00:00,,0,0.0,1,13,,0,0.0,0.0
2019-03-11 00:00:00+00:00,,0,1.0,9,0,,3,0.0,0.0
2019-03-12 00:00:00+00:00,,0,0.0,0,6,,2,0.0,0.0
2019-03-13 00:00:00+00:00,,0,1.0,1,3,,0,0.0,0.0
2019-03-14 00:00:00+00:00,,0,0.0,6,0,,0,0.0,0.0
2019-03-15 00:00:00+00:00,,0,0.0,7,2,,0,0.0,0.0
2019-03-16 00:00:00+00:00,,0,0.0,5,0,,0,0.0,0.0
2019-03-17 00:00:00+00:00,,0,1.0,5,0,,0,0.0,0.0
2019-03-18 00:00:00+00:00,,0,0.0,6,3,,6,0.0,0.0
2019-03-19 00:00:00+00:00,,0,1.0,7,2,,15,0.0,0.0
2019-03-20 00:00:00+00:00,,0,0.0,1,0,,0,0.0,0.0
2019-03-21 00:00:00+00:00,,0,1.0,4,4,,0,0.0,0.0
2019-03-22 00:00:00+00:00,,0,1.0,4,3,,1,0.0,0.0
2019-03-23 00:00:00+00:00,,0,1.0,4,2,,0,0.0,0.0
2019-03-24 00:00:00+00:00,,0,0.0,5,6,,0,0.0,0.0
2019-03-25 00:00:00+00:00,,0,1.0,2,1,,0,0.0,0.0
2019-03-26 00:00:00+00:00,,0,0.0,5,7,,0,0.0,0.0
2019-03-27 00:00:00+00:00,,0,1.0,1,9,,10,0.0,0.0
2019-03-28 00:00:00+00:00,,0,,1,8,,0,0.0,
2019-03-29 00:00:00+00:00,,0,,0,0,,0,0.0,
2019-03-30 00:00:00+00:00,,0,,0,0,,0,0.0,
2019-03-31 00:00:00+00:00,,0,,0,0,,0,0.0,
2019-04-01 00:00:00+00:00,,0,,0,0,,0,0.0,
2019-04-02 00:00:00+00:00,,0,,0,0,,0,0.0,
2019-04-03 00:00:00+00:00,,0,,0,0,,0,0.0,
2019-04-04 00:00:00+00:00,,0,,0,0,,0,0.0,
2019-04-05 00:00:00+00:00,,0,,0,0,,0,0.0,
2019-04-06 00:00:00+00:00,,0,,0,0,,0,0.0,
2019-04-07 00:00:00+00:00,,0,,0,0,,0,0.0,
2019-04-08 00:00:00+00:00,,0,0.0,2,0,,0,0.0,0.0
2019-04-09 00:00:00+00:00,,0,1.0,0,1,,0,0.0,0.0
2019-04-10 00:00:00+00:00,,0,1.0,4,3,,15,0.0,0.0
2019-04-11 00:00:00+00:00,,0,1.0,2,0,,0,0.0,0.0
2019-04-12 00:00:00+00:00,,0,1.0,4,0,,4,0.0,0.0
2019-04-13 00:00:00+00:00,,0,1.0,11,3,,2,0.0,0.0
2019-04-14 00:00:00+00:00,,0,1.0,7,0,,0,0.0,0.0
2019-04-15 00:00:00+00:00,,0,1.0,7,3,,1,0.0,0.0
2019-04-16 00:00:00+00:00,,0,1.0,7,0,,18,0.0,0.0
2019-04-17 00:00:00+00:00,,0,1.0,9,4,,1,0.0,0.0
2019-04-18 00:00:00+00:00,,0,1.0,12,3,,3,0.0,0.0
2019-04-19 00:00:00+00:00,,0,1.0,13,16,,1,0.0,0.0
2019-04-20 00:00:00+00:00,,0,0.0,5,19,,3,0.0,0.0
2019-04-21 00:00:00+00:00,,0,1.0,6,4,,1,0.0,0.0
2019-04-22 00:00:00+00:00,,0,1.0,8,13,,0,0.0,0.0
2019-04-23 00:00:00+00:00,,0,1.0,12,12,1.0,0,0.0,0.0
2019-04-24 00:00:00+00:00,,0,1.0,17,7,1.0,5,0.0,0.0
2019-04-25 00:00:00+00:00,,0,1.0,17,6,0.0,0,0.0,0.0
2019-04-26 00:00:00+00:00,,0,1.0,17,4,0.0,6,0.0,0.0
2019-04-27 00:00:00+00:00,,0,1.0,16,38,1.0,2,0.0,0.0
2019-04-28 00:00:00+00:00,,0,1.0,17,28,0.0,1,0.0,0.0
2019-04-29 00:00:00+00:00,,0,1.0,11,18,0.0,19,0.0,0.0
2019-04-30 00:00:00+00:00,,0,1.0,9,26,0.0,7,0.0,0.0
2019-05-01 00:00:00+00:00,,0,1.0,9,25,0.0,3,0.0,0.0
2019-05-02 00:00:00+00:00,,0,1.0,12,27,0.0,4,0.0,0.0
2019-05-03 00:00:00+00:00,,0,1.0,17,20,0.0,7,0.0,0.0
2019-05-04 00:00:00+00:00,,0,1.0,17,10,0.0,1,0.0,0.0
2019-05-05 00:00:00+00:00,,0,1.0,13,15,0.0,0,0.0,0.0
2019-05-06 00:00:00+00:00,,0,1.0,13,25,0.0,7,0.0,0.0
2019-05-07 00:00:00+00:00,,0,1.0,14,17,0.0,0,0.0,0.0
2019-05-08 00:00:00+00:00,,0,0.0,15,28,0.0,1,0.0,0.0
2019-05-09 00:00:00+00:00,,0,0.0,17,26,0.0,0,0.0,0.0
2019-05-10 00:00:00+00:00,,0,0.0,21,20,0.0,0,0.0,0.0
2019-05-11 00:00:00+00:00,,0,0.0,19,39,0.0,0,0.0,0.0
2019-05-12 00:00:00+00:00,,0,0.0,10,18,0.0,7,0.0,0.0
2019-05-13 00:00:00+00:00,,0,1.0,6,10,0.0,4,0.0,0.0
2019-05-14 00:00:00+00:00,,0,0.0,10,7,0.0,0,0.0,0.0
2019-05-15 00:00:00+00:00,,0,0.0,7,8,0.0,2,0.0,0.0
2019-05-16 00:00:00+00:00,,0,1.0,0,0,0.0,0,0.0,0.0
2019-05-17 00:00:00+00:00,,0,0.0,4,11,0.0,1,0.0,0.0
2019-05-18 00:00:00+00:00,,0,0.0,6,40,0.0,0,0.0,0.0
2019-05-19 00:00:00+00:00,,0,0.0,1,11,0.0,0,0.0,0.0
2019-05-20 00:00:00+00:00,,0,1.0,5,28,0.0,22,0.0,0.0
2019-05-21 00:00:00+00:00,,0,1.0,2,8,0.0,0,0.0,0.0
2019-05-22 00:00:00+00:00,,0,0.0,3,1,0.0,0,0.0,0.0
2019-05-23 00:00:00+00:00,,0,0.0,6,1,1.0,2,0.0,0.0
2019-05-24 00:00:00+00:00,,0,0.0,12,12,1.0,2,0.0,0.0
2019-05-25 00:00:00+00:00,,0,0.0,6,4,1.0,1,0.0,0.0
2019-05-26 00:00:00+00:00,,0,0.0,3,10,1.0,0,0.0,0.0
2019-05-27 00:00:00+00:00,,0,0.0,9,19,1.0,3,0.0,0.0
2019-05-28 00:00:00+00:00,,0,0.0,6,3,1.0,1,0.0,0.0
2019-05-29 00:00:00+00:00,,0,1.0,3,7,1.0,2,0.0,0.0
2019-05-30 00:00:00+00:00,,0,1.0,3,5,1.0,1,0.0,0.0
2019-05-31 00:00:00+00:00,,0,0.0,8,4,1.0,7,0.0,0.0
2019-06-01 00:00:00+00:00,,0,0.0,13,1,1.0,0,3.0,0.0
2019-06-02 00:00:00+00:00,,0,1.0,11,7,0.0,0,0.0,0.0
2019-06-03 00:00:00+00:00,,2,0.0,13,3,1.0,17,0.0,0.0
2019-06-04 00:00:00+00:00,,0,0.0,9,6,0.0,11,0.0,0.0
2019-06-05 00:00:00+00:00,,0,0.0,6,17,1.0,49,4.0,0.0
2019-06-06 00:00:00+00:00,,0,1.0,3,21,1.0,0,2.0,0.0
2019-06-07 00:00:00+00:00,,0,0.0,2,14,1.0,1,2.0,0.0
2019-06-08 00:00:00+00:00,,1,0.0,8,23,1.0,1,8.0,0.0
2019-06-09 00:00:00+00:00,,0,0.0,12,18,1.0,7,0.0,0.0
2019-06-10 00:00:00+00:00,,0,0.0,9,27,1.0,0,0.0,0.0
2019-06-11 00:00:00+00:00,,0,1.0,12,14,1.0,12,2.0,0.0
2019-06-12 00:00:00+00:00,,0,1.0,13,10,1.0,4,0.0,0.0
2019-06-13 00:00:00+00:00,,0,0.0,14,15,1.0,26,0.0,0.0
2019-06-14 00:00:00+00:00,,0,1.0,8,26,1.0,24,0.0,0.0
2019-06-15 00:00:00+00:00,,0,0.0,6,22,1.0,1,4.0,0.0
2019-06-16 00:00:00+00:00,,0,0.0,8,13,1.0,0,3.0,0.0
2019-06-17 00:00:00+00:00,,2,0.0,9,36,1.0,6,4.0,0.0
2019-06-18 00:00:00+00:00,,0,1.0,10,28,1.0,3,0.0,0.0
2019-06-19 00:00:00+00:00,,0,1.0,12,18,1.0,3,1.0,0.0
2019-06-20 00:00:00+00:00,,1,0.0,11,44,1.0,3,0.0,0.0
2019-06-21 00:00:00+00:00,,0,0.0,11,59,1.0,0,0.0,0.0
2019-06-22 00:00:00+00:00,,0,1.0,7,86,1.0,0,7.0,0.0
2019-06-23 00:00:00+00:00,,0,0.0,4,59,1.0,0,1.0,0.0
2019-06-24 00:00:00+00:00,,0,0.0,11,30,1.0,0,4.0,0.0
2019-06-25 00:00:00+00:00,,0,0.0,5,52,1.0,2,5.0,0.0
2019-06-26 00:00:00+00:00,,0,0.0,3,13,1.0,2,2.0,0.0
2019-06-27 00:00:00+00:00,,0,0.0,8,52,1.0,0,1.0,0.0
2019-06-28 00:00:00+00:00,,16,0.0,2,14,1.0,0,7.0,0.0
2019-06-29 00:00:00+00:00,,0,0.0,10,29,1.0,0,10.0,0.0
2019-06-30 00:00:00+00:00,,0,0.0,9,12,1.0,1,13.0,0.0
2019-07-01 00:00:00+00:00,,1,0.0,8,10,1.0,0,8.0,0.0
2019-07-02 00:00:00+00:00,,4,1.0,2,6,1.0,0,9.0,0.0
2019-07-03 00:00:00+00:00,,0,1.0,2,0,1.0,2,8.0,0.0
2019-07-04 00:00:00+00:00,,1,0.0,5,9,1.0,0,5.0,0.0
2019-07-05 00:00:00+00:00,,34,1.0,6,13,1.0,0,7.0,0.0
2019-07-06 00:00:00+00:00,,0,0.0,8,19,1.0,1,0.0,0.0
2019-07-07 00:00:00+00:00,,0,0.0,5,17,1.0,0,0.0,0.0
2019-07-08 00:00:00+00:00,,0,0.0,2,2,1.0,0,0.0,0.0
2019-07-09 00:00:00+00:00,,0,0.0,7,23,1.0,0,0.0,0.0
2019-07-10 00:00:00+00:00,,0,0.0,8,26,1.0,2,3.0,0.0
2019-07-11 00:00:00+00:00,,0,0.0,5,10,1.0,1,1.0,0.0
2019-07-12 00:00:00+00:00,,3,1.0,1,23,1.0,0,0.0,0.0
2019-07-13 00:00:00+00:00,,1,1.0,4,16,1.0,2,0.0,0.0
2019-07-14 00:00:00+00:00,,0,0.0,4,22,1.0,11,4.0,0.0
2019-07-15 00:00:00+00:00,,0,0.0,2,8,1.0,46,1.0,0.0
2019-07-16 00:00:00+00:00,,0,0.0,5,20,1.0,12,6.0,0.0
2019-07-17 00:00:00+00:00,,0,0.0,5,10,1.0,49,1.0,0.0
2019-07-18 00:00:00+00:00,,0,0.0,15,17,0.0,5,5.0,0.0
2019-07-19 00:00:00+00:00,,8,0.0,9,19,1.0,9,3.0,0.0
2019-07-20 00:00:00+00:00,,0,0.0,11,31,1.0,3,1.0,0.0
2019-07-21 00:00:00+00:00,,0,0.0,15,49,1.0,7,1.0,0.0
2019-07-22 00:00:00+00:00,,0,0.0,15,50,1.0,0,0.0,0.0
2019-07-23 00:00:00+00:00,,4,1.0,11,26,1.0,5,5.0,0.0
2019-07-24 00:00:00+00:00,,0,0.0,5,67,1.0,0,0.0,0.0
2019-07-25 00:00:00+00:00,,0,0.0,10,44,1.0,0,0.0,0.0
2019-07-26 00:00:00+00:00,,21,1.0,11,18,1.0,0,1.0,0.0
2019-07-27 00:00:00+00:00,,0,1.0,10,83,1.0,0,0.0,0.0
2019-07-28 00:00:00+00:00,,6,0.0,12,56,1.0,0,0.0,0.0
2019-07-29 00:00:00+00:00,,0,0.0,6,31,1.0,0,2.0,0.0
2019-07-30 00:00:00+00:00,,157,0.0,3,11,1.0,0,0.0,0.0
2019-07-31 00:00:00+00:00,,64,0.0,10,41,1.0,8,1.0,0.0
2019-08-01 00:00:00+00:00,,5,1.0,5,78,1.0,15,0.0,0.0
2019-08-02 00:00:00+00:00,,0,0.0,8,31,1.0,7,0.0,0.0
2019-08-03 00:00:00+00:00,,0,1.0,3,57,1.0,0,0.0,0.0
2019-08-04 00:00:00+00:00,,0,0.0,6,49,1.0,1,1.0,0.0
2019-08-05 00:00:00+00:00,,0,0.0,7,22,1.0,28,8.0,0.0
2019-08-06 00:00:00+00:00,,0,0.0,4,50,1.0,10,1.0,0.0
2019-08-07 00:00:00+00:00,,0,0.0,4,69,0.0,0,2.0,0.0
2019-08-08 00:00:00+00:00,,0,0.0,9,23,0.0,14,4.0,0.0
2019-08-09 00:00:00+00:00,,0,0.0,7,58,1.0,8,0.0,0.0
2019-08-10 00:00:00+00:00,,0,1.0,4,86,1.0,2,0.0,0.0
2019-08-11 00:00:00+00:00,,0,0.0,8,34,1.0,0,3.0,0.0
2019-08-12 00:00:00+00:00,,0,1.0,4,72,0.0,2,2.0,0.0
2019-08-13 00:00:00+00:00,,0,0.0,10,78,,12,4.0,0.0
2019-08-14 00:00:00+00:00,,0,,10,54,,3,2.0,
2019-08-15 00:00:00+00:00,,0,,0,0,,0,0.0,
2019-08-16 00:00:00+00:00,,0,,0,0,,0,0.0,
2019-08-17 00:00:00+00:00,,0,,0,0,,0,0.0,
2019-08-18 00:00:00+00:00,,0,,0,0,,0,0.0,
2019-08-19 00:00:00+00:00,,0,,0,0,,0,0.0,
2019-08-20 00:00:00+00:00,,0,,0,0,,0,0.0,
2019-08-21 00:00:00+00:00,,0,,0,0,,0,0.0,
2019-08-22 00:00:00+00:00,,24,0.0,0,0,,0,0.0,0.0
2019-08-23 00:00:00+00:00,,64,1.0,4,167,,0,0.0,0.0
2019-08-24 00:00:00+00:00,,63,1.0,11,161,,0,7.0,0.0
2019-08-25 00:00:00+00:00,,0,0.0,9,93,,13,6.0,0.0
2019-08-26 00:00:00+00:00,,7,1.0,11,77,,36,2.0,0.0
2019-08-27 00:00:00+00:00,,12,1.0,10,158,,6,1.0,0.0
2019-08-28 00:00:00+00:00,,4,0.0,12,165,,22,0.0,0.0
2019-08-29 00:00:00+00:00,,24,1.0,6,138,,9,0.0,0.0
2019-08-30 00:00:00+00:00,,0,1.0,2,174,,8,1.0,0.0
2019-08-31 00:00:00+00:00,,1,1.0,6,170,,0,1.0,0.0
2019-09-01 00:00:00+00:00,,23,1.0,5,158,,1,1.0,0.0
2019-09-02 00:00:00+00:00,,9,0.0,3,176,,0,2.0,0.0
2019-09-03 00:00:00+00:00,,33,1.0,3,137,,14,0.0,1.0
2019-09-04 00:00:00+00:00,,17,1.0,1,150,,37,0.0,0.0
2019-09-05 00:00:00+00:00,,9,1.0,2,135,,0,0.0,0.0
2019-09-06 00:00:00+00:00,,70,1.0,3,146,,1,0.0,0.0
2019-09-07 00:00:00+00:00,,133,1.0,5,196,,0,0.0,1.0
2019-09-08 00:00:00+00:00,,108,1.0,1,171,,0,2.0,1.0
2019-09-09 00:00:00+00:00,,0,1.0,6,87,,1,4.0,0.0
2019-09-10 00:00:00+00:00,,10,1.0,2,90,,0,2.0,0.0
2019-09-11 00:00:00+00:00,,160,1.0,7,125,,0,9.0,1.0
2019-09-12 00:00:00+00:00,,291,1.0,4,64,,0,7.0,1.0
2019-09-13 00:00:00+00:00,,48,1.0,5,67,,1,1.0,1.0
2019-09-14 00:00:00+00:00,,175,1.0,3,106,,0,0.0,1.0
2019-09-15 00:00:00+00:00,,616,1.0,7,101,,3,7.0,0.0
2019-09-16 00:00:00+00:00,,130,1.0,7,67,,0,1.0,1.0
2019-09-17 00:00:00+00:00,,217,1.0,5,134,,0,0.0,0.0
2019-09-18 00:00:00+00:00,,221,1.0,8,156,,0,6.0,0.0
2019-09-19 00:00:00+00:00,,59,1.0,3,150,,0,5.0,0.0
2019-09-20 00:00:00+00:00,,65,1.0,1,114,,0,4.0,0.0
2019-09-21 00:00:00+00:00,,175,1.0,8,173,,0,4.0,0.0
2019-09-22 00:00:00+00:00,,117,1.0,1,107,,0,1.0,0.0
2019-09-23 00:00:00+00:00,,53,1.0,8,87,,0,1.0,1.0
2019-09-24 00:00:00+00:00,,597,1.0,7,94,,0,0.0,1.0
2019-09-25 00:00:00+00:00,,411,1.0,8,132,,0,1.0,1.0
2019-09-26 00:00:00+00:00,,50,1.0,7,126,,0,0.0,1.0
2019-09-27 00:00:00+00:00,,6,1.0,6,129,,0,2.0,1.0
2019-09-28 00:00:00+00:00,,26,1.0,1,188,,0,1.0,1.0
2019-09-29 00:00:00+00:00,,107,1.0,1,106,,0,2.0,1.0
2019-09-30 00:00:00+00:00,,28,1.0,7,107,,0,4.0,1.0
2019-10-01 00:00:00+00:00,,117,1.0,5,87,,0,2.0,1.0
2019-10-02 00:00:00+00:00,,344,1.0,1,68,,0,4.0,1.0
2019-10-03 00:00:00+00:00,,721,1.0,3,50,,0,4.0,1.0
2019-10-04 00:00:00+00:00,,202,1.0,6,63,,0,9.0,1.0
2019-10-05 00:00:00+00:00,,54,1.0,4,43,,0,7.0,1.0
2019-10-06 00:00:00+00:00,,605,1.0,6,64,,0,9.0,1.0
2019-10-07 00:00:00+00:00,,405,1.0,7,58,,0,5.0,1.0
2019-10-08 00:00:00+00:00,,233,1.0,5,74,,0,1.0,1.0
2019-10-09 00:00:00+00:00,,184,1.0,2,69,,0,4.0,1.0
2019-10-10 00:00:00+00:00,,459,1.0,5,43,,0,9.0,1.0
2019-10-11 00:00:00+00:00,,540,1.0,8,36,,0,8.0,1.0
2019-10-12 00:00:00+00:00,,349,1.0,7,27,,0,7.0,1.0
2019-10-13 00:00:00+00:00,,585,1.0,7,50,,0,12.0,1.0
2019-10-14 00:00:00+00:00,,672,1.0,7,64,,0,11.0,1.0
2019-10-15 00:00:00+00:00,,458,1.0,8,69,,0,10.0,1.0
2019-10-16 00:00:00+00:00,,164,1.0,3,73,,0,13.0,1.0
2019-10-17 00:00:00+00:00,,205,1.0,3,57,,0,8.0,1.0
2019-10-18 00:00:00+00:00,,392,1.0,2,24,,0,10.0,1.0
2019-10-19 00:00:00+00:00,,284,1.0,4,35,,0,8.0,1.0
2019-10-20 00:00:00+00:00,,476,1.0,0,36,,0,12.0,1.0
2019-10-21 00:00:00+00:00,,237,1.0,4,6,,0,5.0,1.0
2019-10-22 00:00:00+00:00,,422,1.0,6,25,,0,1.0,1.0
2019-10-23 00:00:00+00:00,,236,1.0,4,12,,0,8.0,1.0
2019-10-24 00:00:00+00:00,,613,1.0,1,16,,0,16.0,1.0
2019-10-25 00:00:00+00:00,,1015,1.0,9,12,,0,20.0,1.0
2019-10-26 00:00:00+00:00,,1220,1.0,2,20,,0,22.0,1.0
2019-10-27 00:00:00+00:00,,1162,1.0,0,19,,0,21.0,1.0
2019-10-28 00:00:00+00:00,,935,1.0,4,8,,0,22.0,1.0
2019-10-29 00:00:00+00:00,,1096,1.0,4,22,,6,19.0,1.0
2019-10-30 00:00:00+00:00,,1114,1.0,4,32,,0,18.0,1.0
2019-10-31 00:00:00+00:00,,1439,1.0,6,13,,0,18.0,1.0
2019-11-01 00:00:00+00:00,,574,1.0,7,56,,1,21.0,1.0
2019-11-02 00:00:00+00:00,,328,1.0,4,4,,0,14.0,1.0
2019-11-03 00:00:00+00:00,,691,1.0,6,53,,0,12.0,1.0
2019-11-04 00:00:00+00:00,,454,1.0,2,38,,0,11.0,1.0
2019-11-05 00:00:00+00:00,,265,1.0,2,86,,0,11.0,1.0
2019-11-06 00:00:00+00:00,,358,1.0,6,64,,0,1.0,1.0
2019-11-07 00:00:00+00:00,,156,1.0,7,40,,0,12.0,1.0
2019-11-08 00:00:00+00:00,,249,1.0,2,71,,0,13.0,1.0
2019-11-09 00:00:00+00:00,,547,1.0,1,62,,0,10.0,1.0
2019-11-10 00:00:00+00:00,,426,1.0,5,21,,0,9.0,1.0
2019-11-11 00:00:00+00:00,,504,1.0,7,5,,0,7.0,1.0
2019-11-12 00:00:00+00:00,,1205,1.0,7,26,,5,0.0,1.0
2019-11-13 00:00:00+00:00,,1584,1.0,10,9,,0,8.0,1.0
2019-11-14 00:00:00+00:00,,1300,1.0,7,30,,0,6.0,1.0
2019-11-15 00:00:00+00:00,,1187,1.0,12,26,,0,9.0,1.0
2019-11-16 00:00:00+00:00,,318,1.0,6,8,,0,14.0,1.0
2019-11-17 00:00:00+00:00,,271,1.0,4,12,,0,8.0,1.0
2019-11-18 00:00:00+00:00,,45,1.0,7,25,,0,9.0,1.0
2019-11-19 00:00:00+00:00,,203,1.0,5,27,,0,15.0,1.0
2019-11-20 00:00:00+00:00,,747,1.0,1,26,,0,10.0,1.0
2019-11-21 00:00:00+00:00,,1085,1.0,9,20,,0,9.0,1.0
2019-11-22 00:00:00+00:00,,672,1.0,9,31,,0,8.0,0.0
2019-11-23 00:00:00+00:00,,682,1.0,7,36,,0,4.0,1.0
2019-11-24 00:00:00+00:00,,893,1.0,7,36,,0,11.0,1.0
2019-11-25 00:00:00+00:00,,39,1.0,5,53,,0,13.0,1.0
2019-11-26 00:00:00+00:00,,202,1.0,3,31,,0,15.0,1.0
2019-11-27 00:00:00+00:00,,575,1.0,1,30,,0,10.0,1.0
2019-11-28 00:00:00+00:00,,488,1.0,0,28,,0,5.0,1.0
2019-11-29 00:00:00+00:00,,499,1.0,4,50,,0,10.0,1.0
2019-11-30 00:00:00+00:00,,911,1.0,0,45,,0,9.0,0.0
2019-12-01 00:00:00+00:00,,353,1.0,0,0,,0,14.0,1.0
2019-12-02 00:00:00+00:00,,25,1.0,0,7,,0,16.0,1.0
2019-12-03 00:00:00+00:00,,21,1.0,8,40,,1,16.0,0.0
2019-12-04 00:00:00+00:00,,5,1.0,2,51,,0,6.0,1.0
2019-12-05 00:00:00+00:00,,90,1.0,6,80,,0,12.0,1.0
2019-12-06 00:00:00+00:00,,719,1.0,3,54,,0,7.0,1.0
2019-12-07 00:00:00+00:00,,205,1.0,0,41,,0,1.0,1.0
2019-12-08 00:00:00+00:00,,247,1.0,2,100,,0,3.0,1.0
2019-12-09 00:00:00+00:00,,151,1.0,8,101,,0,5.0,1.0
2019-12-10 00:00:00+00:00,,6,1.0,8,46,,0,7.0,1.0
2019-12-11 00:00:00+00:00,,130,1.0,9,21,,0,12.0,1.0
2019-12-12 00:00:00+00:00,,147,1.0,9,19,,1,17.0,1.0
2019-12-13 00:00:00+00:00,,394,1.0,8,47,,0,5.0,1.0
2019-12-14 00:00:00+00:00,,376,1.0,0,27,,0,2.0,1.0
2019-12-15 00:00:00+00:00,,588,1.0,1,25,,0,1.0,1.0
2019-12-16 00:00:00+00:00,,414,1.0,3,24,,0,2.0,1.0
2019-12-17 00:00:00+00:00,,329,1.0,4,73,,0,1.0,0.0
2019-12-18 00:00:00+00:00,,149,1.0,5,15,,0,6.0,0.0
2019-12-19 00:00:00+00:00,,486,1.0,7,63,,0,8.0,0.0
2019-12-20 00:00:00+00:00,,24,1.0,2,58,,0,2.0,0.0
2019-12-21 00:00:00+00:00,,185,1.0,5,0,,0,9.0,0.0
2019-12-22 00:00:00+00:00,,484,1.0,2,0,,0,4.0,0.0
2019-12-23 00:00:00+00:00,,250,1.0,0,0,,0,5.0,0.0
2019-12-24 00:00:00+00:00,,191,1.0,2,0,,0,9.0,1.0
2019-12-25 00:00:00+00:00,,28,1.0,2,0,,0,5.0,0.0
2019-12-26 00:00:00+00:00,,40,1.0,3,0,,0,8.0,0.0
2019-12-27 00:00:00+00:00,,289,1.0,5,0,,5,11.0,1.0
2019-12-28 00:00:00+00:00,,18,1.0,9,0,,4,15.0,1.0
2019-12-29 00:00:00+00:00,,183,1.0,4,0,,0,6.0,1.0
2019-12-30 00:00:00+00:00,,20,1.0,6,0,,0,4.0,0.0
2019-12-31 00:00:00+00:00,,18,1.0,4,0,,0,8.0,0.0
2020-01-01 00:00:00+00:00,,2,1.0,0,0,,0,0.0,0.0
2020-01-02 00:00:00+00:00,,5,1.0,1,0,,0,4.0,0.0
2020-01-03 00:00:00+00:00,,14,1.0,4,0,,0,5.0,0.0
2020-01-04 00:00:00+00:00,,2,1.0,8,0,,0,7.0,0.0
2020-01-05 00:00:00+00:00,,16,1.0,3,0,,0,2.0,1.0
2020-01-06 00:00:00+00:00,,229,1.0,9,0,,4,7.0,1.0
2020-01-07 00:00:00+00:00,,0,0.0,2,0,,6,3.0,1.0
2020-01-08 00:00:00+00:00,,49,0.0,1,0,,26,9.0,1.0
2020-01-09 00:00:00+00:00,,62,1.0,6,0,,14,9.0,1.0
2020-01-10 00:00:00+00:00,,116,1.0,9,0,,24,10.0,1.0
2020-01-11 00:00:00+00:00,,70,1.0,0,0,,0,7.0,1.0
2020-01-12 00:00:00+00:00,,17,1.0,3,0,,0,5.0,1.0
2020-01-13 00:00:00+00:00,,9,1.0,10,0,,15,5.0,0.0
2020-01-14 00:00:00+00:00,,47,1.0,3,0,,1,3.0,1.0
2020-01-15 00:00:00+00:00,,35,1.0,3,0,,11,2.0,0.0
2020-01-16 00:00:00+00:00,,3,0.0,1,0,,4,6.0,0.0
2020-01-17 00:00:00+00:00,,21,1.0,2,0,,2,7.0,1.0
2020-01-18 00:00:00+00:00,,229,1.0,4,0,,0,0.0,0.0
2020-01-19 00:00:00+00:00,,55,1.0,2,0,,0,1.0,1.0
2020-01-20 00:00:00+00:00,,139,1.0,15,0,,14,0.0,0.0
2020-01-21 00:00:00+00:00,,84,1.0,2,0,,3,9.0,0.0
2020-01-22 00:00:00+00:00,,20,1.0,3,0,,7,9.0,0.0
2020-01-23 00:00:00+00:00,,308,1.0,7,0,,0,0.0,0.0
2020-01-24 00:00:00+00:00,,83,1.0,5,0,,0,7.0,0.0
2020-01-25 00:00:00+00:00,,39,1.0,2,0,,0,4.0,0.0
2020-01-26 00:00:00+00:00,,2,0.0,0,0,,0,7.0,1.0
2020-01-27 00:00:00+00:00,,5,0.0,1,0,,2,5.0,1.0
2020-01-28 00:00:00+00:00,,36,0.0,7,0,,5,9.0,0.0
2020-01-29 00:00:00+00:00,,64,1.0,4,0,,4,6.0,1.0
2020-01-30 00:00:00+00:00,,33,1.0,4,0,,0,11.0,1.0
2020-01-31 00:00:00+00:00,,24,1.0,8,0,,0,10.0,0.0
2020-02-01 00:00:00+00:00,,0,1.0,3,0,,0,14.0,0.0
2020-02-02 00:00:00+00:00,,2,1.0,0,0,,0,12.0,0.0
2020-02-03 00:00:00+00:00,,0,0.0,2,0,,0,13.0,1.0
2020-02-04 00:00:00+00:00,,0,0.0,1,0,,1,5.0,0.0
2020-02-05 00:00:00+00:00,,0,0.0,11,0,,0,11.0,0.0
2020-02-06 00:00:00+00:00,,0,1.0,2,0,,3,9.0,0.0
2020-02-07 00:00:00+00:00,,0,0.0,4,0,,4,9.0,0.0
2020-02-08 00:00:00+00:00,,31,1.0,1,0,,0,15.0,0.0
2020-02-09 00:00:00+00:00,,0,1.0,0,0,,1,13.0,1.0
2020-02-10 00:00:00+00:00,,0,0.0,2,0,,9,4.0,1.0
2020-02-11 00:00:00+00:00,,0,0.0,6,0,,5,9.0,0.0
2020-02-12 00:00:00+00:00,,0,1.0,9,0,,3,0.0,0.0
2020-02-13 00:00:00+00:00,,0,0.0,4,0,,0,11.0,0.0
2020-02-14 00:00:00+00:00,,0,1.0,5,0,,2,10.0,0.0
2020-02-15 00:00:00+00:00,,0,0.0,5,0,,1,5.0,0.0
2020-02-16 00:00:00+00:00,,0,1.0,0,0,,0,9.0,0.0
2020-02-17 00:00:00+00:00,,0,0.0,4,0,,0,12.0,0.0
2020-02-18 00:00:00+00:00,,0,0.0,6,0,,0,7.0,1.0
2020-02-19 00:00:00+00:00,,0,0.0,1,0,,0,6.0,1.0
2020-02-20 00:00:00+00:00,,0,0.0,5,0,,1,8.0,0.0
2020-02-21 00:00:00+00:00,,0,0.0,8,0,,0,0.0,1.0
2020-02-22 00:00:00+00:00,,0,0.0,2,0,,0,0.0,0.0
2020-02-23 00:00:00+00:00,,0,1.0,1,0,,0,6.0,0.0
2020-02-24 00:00:00+00:00,,0,0.0,7,0,,3,10.0,0.0
2020-02-25 00:00:00+00:00,,0,1.0,5,0,,15,7.0,0.0
2020-02-26 00:00:00+00:00,,0,1.0,6,0,,18,4.0,1.0
2020-02-27 00:00:00+00:00,,0,1.0,6,0,,15,3.0,1.0
2020-02-28 00:00:00+00:00,,0,0.0,9,0,,20,0.0,0.0
2020-02-29 00:00:00+00:00,,0,0.0,0,0,,0,6.0,1.0
2020-03-01 00:00:00+00:00,,0,0.0,1,0,,9,7.0,0.0
2020-03-02 00:00:00+00:00,,0,0.0,5,0,,6,8.0,0.0
2020-03-03 00:00:00+00:00,,0,0.0,5,0,,4,10.0,1.0
2020-03-04 00:00:00+00:00,,0,0.0,6,0,,1,6.0,1.0
2020-03-05 00:00:00+00:00,,0,0.0,9,0,,1,12.0,1.0
2020-03-06 00:00:00+00:00,,0,1.0,6,0,,18,13.0,0.0
2020-03-07 00:00:00+00:00,,0,0.0,0,0,,0,14.0,1.0
2020-03-08 00:00:00+00:00,,0,0.0,11,0,,0,0.0,1.0
2020-03-09 00:00:00+00:00,,0,1.0,3,0,,0,7.0,1.0
2020-03-10 00:00:00+00:00,,0,0.0,8,0,,2,4.0,1.0
2020-03-11 00:00:00+00:00,,0,0.0,7,0,,5,13.0,1.0
2020-03-12 00:00:00+00:00,,0,0.0,7,0,,2,9.0,1.0
2020-03-13 00:00:00+00:00,,0,1.0,3,0,,1,6.0,1.0
2020-03-14 00:00:00+00:00,,0,0.0,0,0,,1,3.0,1.0
2020-03-15 00:00:00+00:00,,0,1.0,0,0,,0,5.0,1.0
2020-03-16 00:00:00+00:00,,0,1.0,6,0,,0,7.0,1.0
2020-03-17 00:00:00+00:00,,0,1.0,1,0,,0,0.0,0.0
2020-03-18 00:00:00+00:00,,0,1.0,4,0,,0,5.0,0.0
2020-03-19 00:00:00+00:00,,0,1.0,5,0,,0,10.0,1.0
2020-03-20 00:00:00+00:00,,0,1.0,4,0,,0,11.0,0.0
2020-03-21 00:00:00+00:00,,0,1.0,4,0,,0,7.0,0.0
2020-03-22 00:00:00+00:00,,4,1.0,3,0,,27,3.0,1.0
2020-03-23 00:00:00+00:00,,25,1.0,0,0,,36,8.0,1.0
2020-03-24 00:00:00+00:00,,1,1.0,0,0,,7,6.0,1.0
2020-03-25 00:00:00+00:00,,0,1.0,3,0,,5,6.0,1.0
2020-03-26 00:00:00+00:00,,0,1.0,3,0,,1,2.0,1.0
2020-03-27 00:00:00+00:00,,0,1.0,1,0,,0,3.0,1.0
2020-03-28 00:00:00+00:00,,0,1.0,8,0,,0,9.0,1.0
2020-03-29 00:00:00+00:00,,0,1.0,4,0,,0,0.0,0.0
2020-03-30 00:00:00+00:00,,0,1.0,6,0,,0,0.0,0.0
2020-03-31 00:00:00+00:00,,0,1.0,1,0,,0,1.0,1.0
2020-04-01 00:00:00+00:00,,0,1.0,0,0,,0,4.0,1.0
2020-04-02 00:00:00+00:00,,0,1.0,0,0,,2,10.0,0.0
2020-04-03 00:00:00+00:00,,0,1.0,0,0,,0,5.0,1.0
2020-04-04 00:00:00+00:00,,0,1.0,5,0,,1,7.0,1.0
2020-04-05 00:00:00+00:00,,0,1.0,1,0,,0,5.0,1.0
2020-04-06 00:00:00+00:00,,0,1.0,3,0,,0,1.0,1.0
2020-04-07 00:00:00+00:00,,0,1.0,5,0,,0,2.0,1.0
2020-04-08 00:00:00+00:00,,0,1.0,4,0,,2,3.0,0.0
2020-04-09 00:00:00+00:00,,0,,0,0,,0,4.0,
2020-04-10 00:00:00+00:00,,0,,0,0,,0,0.0,
2020-04-11 00:00:00+00:00,,0,,0,0,,0,0.0,
2020-04-12 00:00:00+00:00,,0,,0,0,,0,0.0,
2020-04-13 00:00:00+00:00,,0,,0,0,,0,0.0,
2020-04-14 00:00:00+00:00,,0,,0,0,,0,0.0,
2020-04-15 00:00:00+00:00,,0,,0,0,,0,0.0,
2020-04-16 00:00:00+00:00,,0,,0,0,,0,0.0,
2020-04-17 00:00:00+00:00,,0,1.0,3,0,,0,3.0,1.0
2020-04-18 00:00:00+00:00,,0,1.0,5,0,,2,5.0,1.0
2020-04-19 00:00:00+00:00,,0,1.0,7,0,,7,7.0,1.0
2020-04-20 00:00:00+00:00,,0,1.0,7,0,,24,0.0,1.0
2020-04-21 00:00:00+00:00,,0,1.0,2,0,,8,3.0,1.0
2020-04-22 00:00:00+00:00,,0,1.0,5,0,,1,3.0,1.0
2020-04-23 00:00:00+00:00,,0,1.0,2,0,,4,19.0,0.0
2020-04-24 00:00:00+00:00,,0,1.0,3,0,,0,16.0,0.0
2020-04-25 00:00:00+00:00,,0,1.0,4,0,,0,5.0,0.0
2020-04-26 00:00:00+00:00,,0,1.0,6,0,,12,2.0,0.0
2020-04-27 00:00:00+00:00,,0,1.0,4,0,,83,3.0,0.0
2020-04-28 00:00:00+00:00,,0,1.0,5,0,,21,0.0,0.0
2020-04-29 00:00:00+00:00,,0,1.0,3,0,,25,5.0,0.0
2020-04-30 00:00:00+00:00,,0,1.0,6,0,,104,0.0,0.0
2020-05-01 00:00:00+00:00,,0,1.0,6,0,,27,3.0,0.0
2020-05-02 00:00:00+00:00,,0,0.0,10,0,,9,0.0,0.0
2020-05-03 00:00:00+00:00,,0,1.0,12,0,,7,2.0,0.0
2020-05-04 00:00:00+00:00,,0,1.0,8,0,,56,0.0,0.0
2020-05-05 00:00:00+00:00,,0,1.0,12,0,,128,2.0,0.0
2020-05-06 00:00:00+00:00,,0,1.0,4,0,,25,4.0,0.0
2020-05-07 00:00:00+00:00,,0,1.0,16,0,,46,0.0,0.0
2020-05-08 00:00:00+00:00,,0,1.0,16,0,,32,7.0,0.0
2020-05-09 00:00:00+00:00,,0,1.0,13,0,1.0,4,0.0,0.0
2020-05-10 00:00:00+00:00,,0,1.0,17,0,1.0,59,0.0,0.0
2020-05-11 00:00:00+00:00,,0,1.0,5,0,1.0,148,1.0,0.0
2020-05-12 00:00:00+00:00,,0,1.0,9,0,0.0,93,3.0,0.0
2020-05-13 00:00:00+00:00,,0,1.0,8,0,1.0,218,5.0,0.0
2020-05-14 00:00:00+00:00,,0,1.0,10,0,0.0,277,2.0,0.0
2020-05-15 00:00:00+00:00,,0,1.0,1,0,0.0,9,1.0,0.0
2020-05-16 00:00:00+00:00,,0,1.0,9,0,0.0,0,0.0,0.0
2020-05-17 00:00:00+00:00,,0,1.0,2,0,0.0,5,0.0,0.0
2020-05-18 00:00:00+00:00,,0,1.0,10,0,0.0,77,10.0,0.0
2020-05-19 00:00:00+00:00,,0,1.0,9,0,0.0,22,1.0,0.0
2020-05-20 00:00:00+00:00,,0,0.0,2,0,0.0,16,3.0,0.0
2020-05-21 00:00:00+00:00,,0,0.0,6,0,1.0,20,4.0,0.0
2020-05-22 00:00:00+00:00,,0,0.0,0,0,1.0,2,3.0,0.0
2020-05-23 00:00:00+00:00,,0,1.0,7,0,1.0,0,6.0,0.0
2020-05-24 00:00:00+00:00,,0,0.0,8,0,1.0,0,5.0,0.0
2020-05-25 00:00:00+00:00,,0,0.0,8,0,1.0,123,8.0,0.0
2020-05-26 00:00:00+00:00,,0,0.0,9,0,1.0,19,8.0,0.0
2020-05-27 00:00:00+00:00,,0,0.0,9,0,1.0,58,3.0,0.0
2020-05-28 00:00:00+00:00,,0,0.0,9,0,1.0,39,2.0,0.0
2020-05-29 00:00:00+00:00,,0,0.0,1,0,1.0,14,1.0,0.0
2020-05-30 00:00:00+00:00,,0,0.0,0,0,1.0,0,6.0,0.0
2020-05-31 00:00:00+00:00,,0,1.0,14,0,1.0,4,5.0,0.0
2020-06-01 00:00:00+00:00,,0,1.0,2,0,1.0,50,0.0,0.0
2020-06-02 00:00:00+00:00,,5,0.0,6,0,1.0,12,0.0,0.0
2020-06-03 00:00:00+00:00,,1,1.0,3,0,1.0,10,0.0,0.0
2020-06-04 00:00:00+00:00,,2,1.0,5,0,1.0,13,0.0,0.0
2020-06-05 00:00:00+00:00,,3,0.0,4,0,1.0,0,0.0,0.0
2020-06-06 00:00:00+00:00,,0,0.0,1,0,1.0,0,0.0,0.0
2020-06-07 00:00:00+00:00,,0,0.0,0,0,1.0,0,0.0,0.0
2020-06-08 00:00:00+00:00,,32,0.0,1,0,1.0,16,0.0,0.0
2020-06-09 00:00:00+00:00,,1,0.0,5,0,1.0,0,0.0,0.0
2020-06-10 00:00:00+00:00,,2,1.0,4,0,1.0,15,0.0,0.0
2020-06-11 00:00:00+00:00,,3,0.0,1,0,1.0,19,0.0,0.0
2020-06-12 00:00:00+00:00,,0,0.0,3,0,1.0,31,0.0,0.0
2020-06-13 00:00:00+00:00,,0,0.0,5,0,1.0,0,0.0,0.0
2020-06-14 00:00:00+00:00,,6,0.0,11,0,1.0,7,0.0,0.0
2020-06-15 00:00:00+00:00,,0,0.0,5,0,1.0,42,0.0,0.0
2020-06-16 00:00:00+00:00,,76,0.0,0,0,1.0,42,0.0,0.0
2020-06-17 00:00:00+00:00,,0,0.0,4,0,1.0,31,0.0,0.0
2020-06-18 00:00:00+00:00,,80,0.0,11,0,1.0,188,0.0,0.0
2020-06-19 00:00:00+00:00,,2,1.0,9,0,1.0,70,0.0,0.0
2020-06-20 00:00:00+00:00,,10,0.0,11,0,1.0,0,0.0,0.0
2020-06-21 00:00:00+00:00,,3,0.0,7,0,1.0,9,0.0,0.0
2020-06-22 00:00:00+00:00,,96,0.0,10,0,1.0,30,0.0,0.0
2020-06-23 00:00:00+00:00,,21,0.0,4,0,1.0,44,0.0,0.0
2020-06-24 00:00:00+00:00,,5,0.0,6,0,1.0,14,0.0,0.0
2020-06-25 00:00:00+00:00,,65,0.0,5,0,1.0,40,0.0,0.0
2020-06-26 00:00:00+00:00,,0,0.0,9,0,1.0,3,0.0,0.0
2020-06-27 00:00:00+00:00,,4,0.0,10,0,1.0,0,0.0,0.0
2020-06-28 00:00:00+00:00,,0,1.0,5,0,1.0,1,0.0,0.0
2020-06-29 00:00:00+00:00,,51,0.0,7,0,1.0,8,0.0,0.0
2020-06-30 00:00:00+00:00,,30,0.0,9,0,1.0,29,0.0,0.0
2020-07-01 00:00:00+00:00,,15,0.0,8,0,1.0,14,0.0,0.0
2020-07-02 00:00:00+00:00,,1,0.0,8,0,1.0,29,0.0,0.0
2020-07-03 00:00:00+00:00,,33,0.0,12,0,1.0,12,0.0,0.0
2020-07-04 00:00:00+00:00,,1,0.0,5,0,1.0,1,0.0,0.0
2020-07-05 00:00:00+00:00,,0,0.0,1,0,1.0,0,0.0,0.0
2020-07-06 00:00:00+00:00,,6,0.0,1,0,1.0,3,0.0,0.0
2020-07-07 00:00:00+00:00,,15,0.0,0,0,1.0,14,0.0,0.0
2020-07-08 00:00:00+00:00,,4,0.0,5,0,1.0,24,0.0,0.0
2020-07-09 00:00:00+00:00,,64,0.0,9,0,1.0,4,0.0,0.0
2020-07-10 00:00:00+00:00,,6,0.0,8,0,1.0,39,0.0,0.0
2020-07-11 00:00:00+00:00,,32,0.0,7,0,1.0,7,0.0,0.0
2020-07-12 00:00:00+00:00,,12,0.0,7,0,1.0,5,0.0,0.0
2020-07-13 00:00:00+00:00,,52,0.0,10,0,1.0,16,0.0,0.0
2020-07-14 00:00:00+00:00,,5,0.0,7,0,1.0,46,0.0,0.0
2020-07-15 00:00:00+00:00,,59,1.0,7,0,1.0,19,0.0,0.0
2020-07-16 00:00:00+00:00,,147,0.0,10,0,0.0,26,0.0,0.0
2020-07-17 00:00:00+00:00,,22,0.0,11,0,1.0,36,0.0,0.0
2020-07-18 00:00:00+00:00,,65,0.0,4,0,1.0,0,0.0,0.0
2020-07-19 00:00:00+00:00,,32,0.0,8,0,1.0,4,0.0,0.0
2020-07-20 00:00:00+00:00,,84,0.0,12,0,1.0,99,0.0,0.0
2020-07-21 00:00:00+00:00,,127,1.0,11,0,1.0,65,0.0,0.0
2020-07-22 00:00:00+00:00,,4,0.0,5,0,1.0,33,0.0,0.0
2020-07-23 00:00:00+00:00,,8,0.0,2,0,1.0,39,0.0,0.0
2020-07-24 00:00:00+00:00,,71,0.0,7,0,0.0,35,0.0,0.0
2020-07-25 00:00:00+00:00,,108,0.0,11,0,0.0,0,0.0,0.0
2020-07-26 00:00:00+00:00,,228,0.0,14,0,0.0,3,0.0,0.0
2020-07-27 00:00:00+00:00,,232,1.0,18,0,0.0,18,0.0,0.0
2020-07-28 00:00:00+00:00,,147,0.0,15,0,0.0,26,0.0,0.0
2020-07-29 00:00:00+00:00,,72,0.0,7,0,1.0,6,0.0,0.0
2020-07-30 00:00:00+00:00,,20,0.0,9,0,1.0,3,0.0,1.0
2020-07-31 00:00:00+00:00,,183,0.0,9,0,1.0,2,0.0,1.0
2020-08-01 00:00:00+00:00,,45,0.0,10,0,1.0,2,0.0,0.0
2020-08-02 00:00:00+00:00,,50,0.0,9,0,0.0,0,0.0,0.0
2020-08-03 00:00:00+00:00,,437,0.0,4,0,0.0,12,0.0,0.0
2020-08-04 00:00:00+00:00,,225,0.0,4,0,0.0,1,0.0,0.0
2020-08-05 00:00:00+00:00,,146,0.0,3,0,0.0,0,0.0,0.0
2020-08-06 00:00:00+00:00,,55,0.0,6,0,0.0,0,0.0,0.0
2020-08-07 00:00:00+00:00,,49,1.0,11,0,0.0,0,0.0,1.0
2020-08-08 00:00:00+00:00,,168,0.0,15,0,0.0,0,0.0,1.0
2020-08-09 00:00:00+00:00,,223,0.0,11,0,0.0,0,0.0,1.0
2020-08-10 00:00:00+00:00,,333,1.0,14,0,1.0,0,0.0,1.0
2020-08-11 00:00:00+00:00,,345,0.0,8,0,1.0,0,0.0,1.0
2020-08-12 00:00:00+00:00,,239,0.0,9,0,1.0,0,0.0,1.0
2020-08-13 00:00:00+00:00,,96,1.0,5,0,1.0,0,0.0,0.0
2020-08-14 00:00:00+00:00,,282,0.0,8,0,0.0,0,0.0,1.0
2020-08-15 00:00:00+00:00,,208,1.0,9,0,,0,0.0,1.0
2020-08-16 00:00:00+00:00,,37,0.0,5,0,,0,0.0,1.0
2020-08-17 00:00:00+00:00,,267,0.0,5,0,,0,0.0,1.0
2020-08-18 00:00:00+00:00,,326,1.0,8,0,,4,0.0,0.0
2020-08-19 00:00:00+00:00,,78,0.0,6,0,,3,0.0,1.0
2020-08-20 00:00:00+00:00,,13,0.0,0,0,,0,0.0,0.0
2020-08-21 00:00:00+00:00,,59,0.0,2,0,,0,0.0,0.0
2020-08-22 00:00:00+00:00,,0,1.0,2,0,,0,0.0,0.0
2020-08-23 00:00:00+00:00,,0,1.0,3,0,,0,0.0,1.0
2020-08-24 00:00:00+00:00,,0,1.0,5,0,,0,0.0,1.0
2020-08-25 00:00:00+00:00,,98,1.0,4,0,,1,0.0,1.0
2020-08-26 00:00:00+00:00,,230,1.0,1,0,,0,0.0,1.0
2020-08-27 00:00:00+00:00,,494,0.0,4,0,,0,0.0,1.0
2020-08-28 00:00:00+00:00,,203,1.0,7,0,,0,0.0,1.0
2020-08-29 00:00:00+00:00,,140,0.0,3,0,,0,0.0,1.0
2020-08-30 00:00:00+00:00,,493,0.0,9,0,,0,0.0,1.0
2020-08-31 00:00:00+00:00,,481,1.0,2,0,,0,0.0,1.0
2020-09-01 00:00:00+00:00,,264,1.0,7,0,,0,0.0,1.0
2020-09-02 00:00:00+00:00,,193,1.0,3,0,,0,0.0,1.0
2020-09-03 00:00:00+00:00,,200,1.0,4,0,,0,0.0,1.0
2020-09-04 00:00:00+00:00,,293,1.0,3,0,,3,0.0,1.0
2020-09-05 00:00:00+00:00,,139,1.0,7,0,,0,0.0,1.0
2020-09-06 00:00:00+00:00,,433,1.0,3,0,,0,0.0,1.0
2020-09-07 00:00:00+00:00,,220,1.0,8,0,,0,0.0,1.0
2020-09-08 00:00:00+00:00,,402,1.0,5,0,,3,0.0,1.0
2020-09-09 00:00:00+00:00,,118,1.0,5,0,,0,0.0,1.0
2020-09-10 00:00:00+00:00,,21,1.0,9,0,,3,0.0,1.0
2020-09-11 00:00:00+00:00,,519,1.0,6,0,,0,0.0,1.0
2020-09-12 00:00:00+00:00,,515,1.0,6,0,,0,0.0,1.0
2020-09-13 00:00:00+00:00,,22,1.0,4,0,,0,0.0,1.0
2020-09-14 00:00:00+00:00,,15,1.0,6,0,,138,0.0,1.0
2020-09-15 00:00:00+00:00,,191,1.0,3,0,,65,0.0,1.0
2020-09-16 00:00:00+00:00,,85,1.0,6,0,,5,0.0,1.0
2020-09-17 00:00:00+00:00,,283,1.0,3,0,,3,0.0,1.0
2020-09-18 00:00:00+00:00,,566,1.0,8,0,,0,0.0,1.0
2020-09-19 00:00:00+00:00,,418,1.0,1,0,,0,0.0,1.0
2020-09-20 00:00:00+00:00,,86,1.0,6,0,,0,0.0,1.0
2020-09-21 00:00:00+00:00,,51,1.0,1,0,,0,0.0,1.0
2020-09-22 00:00:00+00:00,,73,1.0,1,0,,0,0.0,1.0
2020-09-23 00:00:00+00:00,,60,1.0,4,0,,0,0.0,1.0
2020-09-24 00:00:00+00:00,,51,1.0,2,0,,0,0.0,1.0
2020-09-25 00:00:00+00:00,,405,1.0,4,0,,0,0.0,1.0
2020-09-26 00:00:00+00:00,,388,1.0,1,0,,0,0.0,1.0
2020-09-27 00:00:00+00:00,,11,1.0,5,0,,0,0.0,1.0
2020-09-28 00:00:00+00:00,,61,1.0,3,0,,10,0.0,1.0
2020-09-29 00:00:00+00:00,,475,1.0,5,0,,3,0.0,1.0
2020-09-30 00:00:00+00:00,,630,1.0,3,0,,3,0.0,1.0
2020-10-01 00:00:00+00:00,,512,1.0,3,0,,0,0.0,1.0
2020-10-02 00:00:00+00:00,,988,1.0,4,0,,0,0.0,1.0
2020-10-03 00:00:00+00:00,,918,1.0,10,0,,2,0.0,1.0
2020-10-04 00:00:00+00:00,,351,1.0,4,0,,9,0.0,1.0
2020-10-05 00:00:00+00:00,,143,1.0,2,0,,1,0.0,1.0
2020-10-06 00:00:00+00:00,,301,1.0,5,0,,1,0.0,1.0
2020-10-07 00:00:00+00:00,,687,1.0,8,0,,13,0.0,1.0
2020-10-08 00:00:00+00:00,,82,1.0,5,0,,13,0.0,1.0
2020-10-09 00:00:00+00:00,,505,1.0,11,0,,14,0.0,1.0
2020-10-10 00:00:00+00:00,,411,1.0,8,0,,1,0.0,1.0
2020-10-11 00:00:00+00:00,,275,1.0,2,0,,2,0.0,1.0
2020-10-12 00:00:00+00:00,,273,1.0,3,0,,5,0.0,1.0
2020-10-13 00:00:00+00:00,,52,1.0,4,0,,2,0.0,1.0
2020-10-14 00:00:00+00:00,,57,1.0,3,0,,3,0.0,1.0
2020-10-15 00:00:00+00:00,,184,1.0,7,0,,3,0.0,1.0
2020-10-16 00:00:00+00:00,,504,1.0,5,0,,6,0.0,1.0
2020-10-17 00:00:00+00:00,,1100,1.0,5,0,,0,0.0,1.0
2020-10-18 00:00:00+00:00,,863,1.0,9,0,,0,0.0,1.0
2020-10-19 00:00:00+00:00,,633,1.0,3,0,,0,0.0,1.0
2020-10-20 00:00:00+00:00,,307,1.0,0,0,,0,0.0,1.0
2020-10-21 00:00:00+00:00,,531,1.0,2,0,,0,0.0,1.0
2020-10-22 00:00:00+00:00,,29,1.0,3,0,,7,0.0,1.0
2020-10-23 00:00:00+00:00,,180,1.0,6,0,,0,0.0,1.0
2020-10-24 00:00:00+00:00,,214,1.0,7,0,,0,0.0,1.0
2020-10-25 00:00:00+00:00,,11,1.0,3,0,,0,0.0,1.0
2020-10-26 00:00:00+00:00,,1,1.0,2,0,,9,0.0,1.0
2020-10-27 00:00:00+00:00,,67,1.0,6,0,,0,0.0,1.0
2020-10-28 00:00:00+00:00,,161,1.0,2,0,,0,0.0,1.0
2020-10-29 00:00:00+00:00,,950,1.0,7,0,,0,0.0,1.0
2020-10-30 00:00:00+00:00,,527,1.0,8,0,,4,0.0,1.0
2020-10-31 00:00:00+00:00,,451,1.0,7,0,,2,0.0,1.0
2020-11-01 00:00:00+00:00,,60,0.0,3,0,,0,0.0,1.0
2020-11-02 00:00:00+00:00,,457,1.0,5,0,,2,0.0,1.0
2020-11-03 00:00:00+00:00,,432,1.0,1,0,,0,0.0,1.0
2020-11-04 00:00:00+00:00,,626,1.0,8,0,,0,0.0,1.0
2020-11-05 00:00:00+00:00,,204,1.0,6,0,,0,0.0,1.0
2020-11-06 00:00:00+00:00,,920,1.0,1,0,,0,0.0,1.0
2020-11-07 00:00:00+00:00,,1379,1.0,3,0,,0,0.0,1.0
2020-11-08 00:00:00+00:00,,1159,1.0,0,0,,0,0.0,1.0
2020-11-09 00:00:00+00:00,,1091,1.0,2,0,,0,0.0,1.0
2020-11-10 00:00:00+00:00,,1212,1.0,4,0,,0,0.0,1.0
2020-11-11 00:00:00+00:00,,1059,1.0,3,0,,0,0.0,1.0
2020-11-12 00:00:00+00:00,,831,1.0,8,0,,0,0.0,1.0
2020-11-13 00:00:00+00:00,,245,1.0,8,0,,0,0.0,1.0
2020-11-14 00:00:00+00:00,,256,1.0,4,0,,0,0.0,1.0
2020-11-15 00:00:00+00:00,,10,1.0,6,0,,0,0.0,1.0
2020-11-16 00:00:00+00:00,,22,1.0,9,0,,0,0.0,1.0
2020-11-17 00:00:00+00:00,,53,1.0,3,0,,0,0.0,1.0
2020-11-18 00:00:00+00:00,,104,1.0,2,0,,0,0.0,1.0
2020-11-19 00:00:00+00:00,,175,1.0,5,0,,0,0.0,1.0
2020-11-20 00:00:00+00:00,,0,1.0,9,0,,0,0.0,1.0
2020-11-21 00:00:00+00:00,,1,1.0,7,0,,0,0.0,1.0
2020-11-22 00:00:00+00:00,,37,1.0,5,0,,0,0.0,1.0
2020-11-23 00:00:00+00:00,,232,1.0,7,0,,0,0.0,1.0
2020-11-24 00:00:00+00:00,,316,1.0,13,0,,0,0.0,1.0
2020-11-25 00:00:00+00:00,,246,1.0,4,0,,0,0.0,1.0
2020-11-26 00:00:00+00:00,,397,1.0,2,0,,0,0.0,1.0
2020-11-27 00:00:00+00:00,,270,1.0,3,0,,0,0.0,1.0
2020-11-28 00:00:00+00:00,,307,1.0,10,0,,0,0.0,1.0
2020-11-29 00:00:00+00:00,,625,1.0,5,0,,0,0.0,1.0
2020-11-30 00:00:00+00:00,,1017,1.0,9,0,,0,0.0,1.0
2020-12-01 00:00:00+00:00,,636,1.0,9,0,,0,0.0,1.0
2020-12-02 00:00:00+00:00,,863,1.0,10,0,,0,0.0,1.0
2020-12-03 00:00:00+00:00,,1180,1.0,8,0,,0,0.0,1.0
2020-12-04 00:00:00+00:00,,764,1.0,9,0,,0,0.0,1.0
2020-12-05 00:00:00+00:00,,616,1.0,7,0,,0,0.0,1.0
2020-12-06 00:00:00+00:00,,1413,1.0,3,0,,0,0.0,0.0
2020-12-07 00:00:00+00:00,,1104,1.0,3,0,,0,0.0,1.0
2020-12-08 00:00:00+00:00,,979,1.0,0,0,,0,0.0,1.0
2020-12-09 00:00:00+00:00,,344,1.0,5,0,,0,0.0,1.0
2020-12-10 00:00:00+00:00,,766,1.0,3,0,,0,0.0,1.0
2020-12-11 00:00:00+00:00,,567,1.0,1,0,,0,0.0,1.0
2020-12-12 00:00:00+00:00,,1516,1.0,4,0,,0,0.0,1.0
2020-12-13 00:00:00+00:00,,1072,1.0,5,0,,0,0.0,1.0
2020-12-14 00:00:00+00:00,,387,1.0,6,0,,4,0.0,1.0
2020-12-15 00:00:00+00:00,,192,1.0,10,0,,0,0.0,1.0
2020-12-16 00:00:00+00:00,,624,1.0,5,0,,0,0.0,1.0
2020-12-17 00:00:00+00:00,,288,1.0,2,0,,0,0.0,1.0
2020-12-18 00:00:00+00:00,,337,1.0,7,0,,0,0.0,1.0
2020-12-19 00:00:00+00:00,,851,1.0,6,0,,0,0.0,1.0
2020-12-20 00:00:00+00:00,,92,1.0,4,0,,0,0.0,1.0
2020-12-21 00:00:00+00:00,,280,1.0,8,0,,6,0.0,1.0
2020-12-22 00:00:00+00:00,,221,1.0,3,0,,0,0.0,1.0
2020-12-23 00:00:00+00:00,,1141,1.0,3,0,,0,0.0,1.0
2020-12-24 00:00:00+00:00,,1237,1.0,4,0,,0,0.0,1.0
2020-12-25 00:00:00+00:00,,890,1.0,1,0,,0,0.0,1.0
2020-12-26 00:00:00+00:00,,497,1.0,5,0,,1,0.0,1.0
2020-12-27 00:00:00+00:00,,456,1.0,4,0,,0,0.0,1.0
2020-12-28 00:00:00+00:00,,469,1.0,1,0,,0,0.0,1.0
2020-12-29 00:00:00+00:00,,1283,1.0,6,0,,0,0.0,1.0
2020-12-30 00:00:00+00:00,,186,1.0,2,0,,0,0.0,1.0
2020-12-31 00:00:00+00:00,,833,1.0,2,0,,0,0.0,1.0
2021-01-01 00:00:00+00:00,,748,1.0,7,0,,0,0.0,1.0
2021-01-02 00:00:00+00:00,,285,1.0,6,0,,0,0.0,1.0
2021-01-03 00:00:00+00:00,,237,1.0,9,0,,0,0.0,1.0
2021-01-04 00:00:00+00:00,,52,1.0,2,0,,0,0.0,1.0
2021-01-05 00:00:00+00:00,,100,1.0,2,0,,0,0.0,1.0
2021-01-06 00:00:00+00:00,,171,1.0,6,0,,0,0.0,1.0
2021-01-07 00:00:00+00:00,,113,1.0,4,0,,0,0.0,1.0
2021-01-08 00:00:00+00:00,,35,1.0,1,0,,0,0.0,1.0
2021-01-09 00:00:00+00:00,,0,1.0,5,0,,0,0.0,1.0
2021-01-10 00:00:00+00:00,,0,1.0,9,0,,8,0.0,1.0
2021-01-11 00:00:00+00:00,,0,1.0,1,0,,0,0.0,1.0
2021-01-12 00:00:00+00:00,,4,0.0,5,0,,0,0.0,1.0
2021-01-13 00:00:00+00:00,,3,1.0,8,0,,0,0.0,1.0
2021-01-14 00:00:00+00:00,,55,1.0,2,0,,1,0.0,1.0
2021-01-15 00:00:00+00:00,,0,1.0,4,0,,9,0.0,1.0
2021-01-16 00:00:00+00:00,,29,1.0,3,0,,0,0.0,1.0
2021-01-17 00:00:00+00:00,,2,1.0,10,0,,0,0.0,1.0
2021-01-18 00:00:00+00:00,,4,1.0,3,0,,0,0.0,1.0
2021-01-19 00:00:00+00:00,,1,1.0,0,0,,0,0.0,1.0
2021-01-20 00:00:00+00:00,,0,1.0,7,0,,1,0.0,1.0
2021-01-21 00:00:00+00:00,,41,1.0,7,0,,7,0.0,1.0
2021-01-22 00:00:00+00:00,,4,1.0,7,0,,0,0.0,1.0
2021-01-23 00:00:00+00:00,,5,1.0,4,0,,3,0.0,1.0
2021-01-24 00:00:00+00:00,,49,1.0,0,0,,0,0.0,1.0
2021-01-25 00:00:00+00:00,,45,0.0,0,0,,0,0.0,1.0
2021-01-26 00:00:00+00:00,,0,1.0,1,0,,0,0.0,1.0
2021-01-27 00:00:00+00:00,,250,1.0,0,0,,0,0.0,1.0
2021-01-28 00:00:00+00:00,,67,1.0,0,0,,0,0.0,1.0
2021-01-29 00:00:00+00:00,,233,1.0,8,0,,0,0.0,1.0
2021-01-30 00:00:00+00:00,,8,1.0,7,0,,0,0.0,1.0
2021-01-31 00:00:00+00:00,,412,1.0,4,0,,0,0.0,1.0
2021-02-01 00:00:00+00:00,,0,1.0,6,0,,4,0.0,1.0
2021-02-02 00:00:00+00:00,,0,0.0,2,0,,0,0.0,0.0
2021-02-03 00:00:00+00:00,,72,0.0,4,0,,0,0.0,1.0
2021-02-04 00:00:00+00:00,,11,0.0,6,0,,0,0.0,1.0
2021-02-05 00:00:00+00:00,,0,0.0,8,0,,0,0.0,1.0
2021-02-06 00:00:00+00:00,,3,0.0,8,0,,0,0.0,1.0
2021-02-07 00:00:00+00:00,,147,0.0,3,0,,0,0.0,1.0
2021-02-08 00:00:00+00:00,,259,0.0,6,0,,0,0.0,0.0
2021-02-09 00:00:00+00:00,,1,0.0,9,0,,3,0.0,0.0
2021-02-10 00:00:00+00:00,,49,1.0,9,0,,0,0.0,1.0
2021-02-11 00:00:00+00:00,,517,1.0,5,0,,0,0.0,1.0
2021-02-12 00:00:00+00:00,,6,0.0,0,0,,0,0.0,1.0
2021-02-13 00:00:00+00:00,,4,0.0,1,0,,0,0.0,1.0
2021-02-14 00:00:00+00:00,,0,0.0,4,0,,0,0.0,1.0
2021-02-15 00:00:00+00:00,,0,0.0,0,0,,0,0.0,1.0
2021-02-16 00:00:00+00:00,,0,0.0,1,0,,0,0.0,1.0
2021-02-17 00:00:00+00:00,,0,0.0,4,0,,5,0.0,1.0
2021-02-18 00:00:00+00:00,,0,0.0,9,0,,6,0.0,1.0
2021-02-19 00:00:00+00:00,,0,1.0,6,0,,0,0.0,1.0
2021-02-20 00:00:00+00:00,,0,0.0,1,0,,0,0.0,1.0
2021-02-21 00:00:00+00:00,,0,0.0,4,0,,0,0.0,1.0
2021-02-22 00:00:00+00:00,,3,1.0,7,0,,1,0.0,0.0
2021-02-23 00:00:00+00:00,,0,1.0,5,0,,0,0.0,0.0
2021-02-24 00:00:00+00:00,,0,0.0,2,0,,0,0.0,0.0
2021-02-25 00:00:00+00:00,,0,0.0,0,0,,1,0.0,0.0
2021-02-26 00:00:00+00:00,,22,1.0,0,0,,0,0.0,0.0
2021-02-27 00:00:00+00:00,,0,0.0,0,0,,0,0.0,0.0
2021-02-28 00:00:00+00:00,,1,0.0,7,0,,0,0.0,0.0
2021-03-01 00:00:00+00:00,,0,0.0,8,0,,8,0.0,0.0
2021-03-02 00:00:00+00:00,,0,1.0,6,0,,11,0.0,1.0
2021-03-03 00:00:00+00:00,,0,0.0,6,0,,22,0.0,1.0
2021-03-04 00:00:00+00:00,,0,0.0,9,0,,20,0.0,1.0
2021-03-05 00:00:00+00:00,,0,0.0,11,0,,7,0.0,1.0
2021-03-06 00:00:00+00:00,,0,1.0,4,0,,0,0.0,1.0
2021-03-07 00:00:00+00:00,,98,1.0,2,0,,0,0.0,1.0
2021-03-08 00:00:00+00:00,,0,1.0,5,0,,0,0.0,1.0
2021-03-09 00:00:00+00:00,,0,1.0,3,0,,0,0.0,1.0
2021-03-10 00:00:00+00:00,,0,1.0,2,0,,1,0.0,1.0
2021-03-11 00:00:00+00:00,,0,1.0,10,0,,0,0.0,1.0
2021-03-12 00:00:00+00:00,,0,0.0,4,0,,0,0.0,1.0
2021-03-13 00:00:00+00:00,,0,1.0,1,0,,0,0.0,1.0
2021-03-14 00:00:00+00:00,,0,1.0,7,0,,0,0.0,1.0
2021-03-15 00:00:00+00:00,,0,1.0,0,0,,2,0.0,1.0
2021-03-16 00:00:00+00:00,,0,1.0,3,0,,0,0.0,1.0
2021-03-17 00:00:00+00:00,,0,1.0,8,0,,0,0.0,1.0
2021-03-18 00:00:00+00:00,,0,1.0,4,0,,0,0.0,1.0
2021-03-19 00:00:00+00:00,,0,1.0,4,0,,0,0.0,1.0
2021-03-20 00:00:00+00:00,,0,1.0,4,0,,0,0.0,1.0
2021-03-21 00:00:00+00:00,,0,1.0,2,0,,0,0.0,1.0
2021-03-22 00:00:00+00:00,,0,1.0,1,0,,0,0.0,0.0
2021-03-23 00:00:00+00:00,,0,1.0,1,0,,0,0.0,0.0
2021-03-24 00:00:00+00:00,,1,1.0,7,0,,0,0.0,1.0
2021-03-25 00:00:00+00:00,,0,0.0,0,0,,0,0.0,1.0
2021-03-26 00:00:00+00:00,,0,0.0,5,0,,0,0.0,0.0
2021-03-27 00:00:00+00:00,,0,1.0,8,0,,0,0.0,0.0
2021-03-28 00:00:00+00:00,,0,0.0,8,0,,0,0.0,0.0
2021-03-29 00:00:00+00:00,,4,1.0,2,0,,0,0.0,0.0
2021-03-30 00:00:00+00:00,,1,1.0,7,0,,0,0.0,1.0
2021-03-31 00:00:00+00:00,,0,0.0,7,0,,0,0.0,1.0
2021-04-01 00:00:00+00:00,,0,1.0,11,0,,0,0.0,1.0
2021-04-02 00:00:00+00:00,,0,1.0,8,0,,0,0.0,0.0
2021-04-03 00:00:00+00:00,,0,1.0,13,0,,0,0.0,1.0
2021-04-04 00:00:00+00:00,,0,1.0,9,0,,5,0.0,0.0
2021-04-05 00:00:00+00:00,,0,1.0,9,0,,17,0.0,1.0
2021-04-06 00:00:00+00:00,,0,1.0,10,0,,37,0.0,1.0
2021-04-07 00:00:00+00:00,,0,1.0,7,0,,0,0.0,1.0
2021-04-08 00:00:00+00:00,,0,1.0,9,0,,0,0.0,0.0
2021-04-09 00:00:00+00:00,,0,1.0,4,0,,0,0.0,1.0
2021-04-10 00:00:00+00:00,,0,0.0,11,0,1.0,0,0.0,1.0
2021-04-11 00:00:00+00:00,,0,1.0,10,0,0.0,0,0.0,1.0
2021-04-12 00:00:00+00:00,,0,1.0,13,0,0.0,0,0.0,0.0
2021-04-13 00:00:00+00:00,,0,1.0,6,0,0.0,0,0.0,1.0
2021-04-14 00:00:00+00:00,,0,1.0,12,0,0.0,0,0.0,0.0
2021-04-15 00:00:00+00:00,,0,1.0,18,0,0.0,0,0.0,0.0
2021-04-16 00:00:00+00:00,,0,1.0,15,0,0.0,0,0.0,1.0
2021-04-17 00:00:00+00:00,,0,1.0,10,0,0.0,0,0.0,1.0
2021-04-18 00:00:00+00:00,,0,1.0,14,0,1.0,0,0.0,1.0
2021-04-19 00:00:00+00:00,,0,1.0,11,0,1.0,0,0.0,1.0
2021-04-20 00:00:00+00:00,,0,1.0,0,0,0.0,0,0.0,1.0
2021-04-21 00:00:00+00:00,,0,1.0,9,0,,0,0.0,1.0
2021-04-22 00:00:00+00:00,,0,1.0,11,0,,0,0.0,1.0
2021-04-23 00:00:00+00:00,,0,1.0,8,0,,0,0.0,1.0
2021-04-24 00:00:00+00:00,,0,1.0,13,0,,0,0.0,1.0
2021-04-25 00:00:00+00:00,,0,1.0,7,0,1.0,50,0.0,1.0
2021-04-26 00:00:00+00:00,,0,1.0,10,0,0.0,237,0.0,0.0
2021-04-27 00:00:00+00:00,,0,1.0,4,0,0.0,80,0.0,0.0
2021-04-28 00:00:00+00:00,,0,1.0,10,0,0.0,102,0.0,0.0
2021-04-29 00:00:00+00:00,,0,1.0,6,0,0.0,121,0.0,1.0
2021-04-30 00:00:00+00:00,,0,1.0,6,0,1.0,87,0.0,1.0
2021-05-01 00:00:00+00:00,,0,1.0,6,0,0.0,1,0.0,0.0
2021-05-02 00:00:00+00:00,1.0,0,1.0,7,0,0.0,0,0.0,0.0
2021-05-03 00:00:00+00:00,0.0,0,1.0,8,0,0.0,43,0.0,1.0
2021-05-04 00:00:00+00:00,0.0,0,1.0,12,0,0.0,45,0.0,0.0
2021-05-05 00:00:00+00:00,0.0,0,1.0,12,0,0.0,33,0.0,0.0
2021-05-06 00:00:00+00:00,0.0,0,1.0,11,0,0.0,57,0.0,0.0
2021-05-07 00:00:00+00:00,0.0,0,1.0,2,0,0.0,24,0.0,1.0
2021-05-08 00:00:00+00:00,0.0,0,1.0,7,0,0.0,0,0.0,0.0
2021-05-09 00:00:00+00:00,0.0,0,1.0,8,0,0.0,86,0.0,0.0
2021-05-10 00:00:00+00:00,0.0,0,1.0,8,0,0.0,120,0.0,0.0
2021-05-11 00:00:00+00:00,0.0,0,1.0,8,0,0.0,135,0.0,1.0
2021-05-12 00:00:00+00:00,0.0,0,1.0,5,0,0.0,35,0.0,0.0
2021-05-13 00:00:00+00:00,0.0,0,1.0,10,0,0.0,42,0.0,1.0
2021-05-14 00:00:00+00:00,0.0,0,1.0,8,0,0.0,99,0.0,1.0
2021-05-15 00:00:00+00:00,0.0,0,1.0,8,0,1.0,0,0.0,0.0
2021-05-16 00:00:00+00:00,0.0,0,1.0,7,0,0.0,76,0.0,0.0
2021-05-17 00:00:00+00:00,0.0,0,1.0,7,0,1.0,60,0.0,0.0
2021-05-18 00:00:00+00:00,0.0,0,1.0,6,0,0.0,19,0.0,0.0
2021-05-19 00:00:00+00:00,0.0,0,1.0,0,0,0.0,31,0.0,0.0
2021-05-20 00:00:00+00:00,0.0,0,1.0,1,0,0.0,1,0.0,0.0
2021-05-21 00:00:00+00:00,0.0,0,1.0,1,0,0.0,93,0.0,0.0
2021-05-22 00:00:00+00:00,0.0,0,1.0,12,0,0.0,0,0.0,0.0
2021-05-23 00:00:00+00:00,1.0,0,1.0,9,0,0.0,54,0.0,0.0
2021-05-24 00:00:00+00:00,1.0,0,0.0,6,0,0.0,140,0.0,0.0
2021-05-25 00:00:00+00:00,0.0,0,1.0,3,0,1.0,52,0.0,0.0
2021-05-26 00:00:00+00:00,0.0,0,1.0,5,0,1.0,11,0.0,0.0
2021-05-27 00:00:00+00:00,0.0,0,1.0,3,0,1.0,34,0.0,0.0
2021-05-28 00:00:00+00:00,0.0,0,0.0,6,0,1.0,32,0.0,0.0
2021-05-29 00:00:00+00:00,0.0,0,1.0,3,0,1.0,0,0.0,0.0
2021-05-30 00:00:00+00:00,0.0,0,1.0,8,0,1.0,5,0.0,0.0
2021-05-31 00:00:00+00:00,0.0,0,1.0,8,0,1.0,76,0.0,0.0
2021-06-01 00:00:00+00:00,0.0,0,1.0,7,0,1.0,19,0.0,0.0
2021-06-02 00:00:00+00:00,0.0,0,1.0,11,0,1.0,6,0.0,0.0
2021-06-03 00:00:00+00:00,1.0,0,0.0,6,0,1.0,14,0.0,0.0
2021-06-04 00:00:00+00:00,0.0,0,1.0,5,0,1.0,0,0.0,0.0
2021-06-05 00:00:00+00:00,0.0,0,0.0,10,0,1.0,0,0.0,0.0
2021-06-06 00:00:00+00:00,0.0,0,0.0,13,0,1.0,0,0.0,0.0
2021-06-07 00:00:00+00:00,0.0,0,0.0,1,0,0.0,61,0.0,0.0
2021-06-08 00:00:00+00:00,1.0,12,,6,0,,77,0.0,
2021-06-09 00:00:00+00:00,,0,,0,0,,0,0.0,
2021-06-10 00:00:00+00:00,,0,,0,0,,0,0.0,
2021-06-11 00:00:00+00:00,,0,,0,0,,0,0.0,
2021-06-12 00:00:00+00:00,,0,,0,0,,0,0.0,
2021-06-13 00:00:00+00:00,,0,,0,0,,0,0.0,
2021-06-14 00:00:00+00:00,,0,,0,0,,0,0.0,
2021-06-15 00:00:00+00:00,,0,,0,0,,0,0.0,
2021-06-16 00:00:00+00:00,,0,,0,0,,0,0.0,
2021-06-17 00:00:00+00:00,,0,,0,0,,0,0.0,
2021-06-18 00:00:00+00:00,,0,,0,0,,0,0.0,
2021-06-19 00:00:00+00:00,,0,,0,0,,0,0.0,
2021-06-20 00:00:00+00:00,,0,,0,0,,0,0.0,
2021-06-21 00:00:00+00:00,,0,,0,0,,0,0.0,
2021-06-22 00:00:00+00:00,,0,,0,0,,0,0.0,
2021-06-23 00:00:00+00:00,,0,,0,0,,0,0.0,
2021-06-24 00:00:00+00:00,,0,,0,0,,0,0.0,
2021-06-25 00:00:00+00:00,,0,,0,0,,0,0.0,
2021-06-26 00:00:00+00:00,,0,,0,0,,0,0.0,
2021-06-27 00:00:00+00:00,,0,,0,0,,0,0.0,
2021-06-28 00:00:00+00:00,,0,,0,0,,0,0.0,
2021-06-29 00:00:00+00:00,,0,,0,0,,0,0.0,
2021-06-30 00:00:00+00:00,,0,,0,0,,0,0.0,
2021-07-01 00:00:00+00:00,,0,,0,0,,0,0.0,
2021-07-02 00:00:00+00:00,,0,,0,0,,0,0.0,
2021-07-03 00:00:00+00:00,,0,,0,0,,0,0.0,
2021-07-04 00:00:00+00:00,,0,,0,0,,0,0.0,
2021-07-05 00:00:00+00:00,,0,,0,0,,0,0.0,
2021-07-06 00:00:00+00:00,,0,,0,0,,0,0.0,
2021-07-07 00:00:00+00:00,,0,,0,0,,0,0.0,
2021-07-08 00:00:00+00:00,,0,,0,0,,0,0.0,
2021-07-09 00:00:00+00:00,,0,,0,0,,0,0.0,
2021-07-10 00:00:00+00:00,,0,,0,0,,0,0.0,
2021-07-11 00:00:00+00:00,,0,,0,0,,0,0.0,
2021-07-12 00:00:00+00:00,,0,,0,0,,0,0.0,
2021-07-13 00:00:00+00:00,,0,,0,0,,0,0.0,
2021-07-14 00:00:00+00:00,,0,,0,0,,0,0.0,
2021-07-15 00:00:00+00:00,,0,,0,0,,0,0.0,
2021-07-16 00:00:00+00:00,,0,,0,0,,0,0.0,
2021-07-17 00:00:00+00:00,,0,,0,0,,0,0.0,
2021-07-18 00:00:00+00:00,,0,,0,0,,0,0.0,
2021-07-19 00:00:00+00:00,,0,,0,0,,0,0.0,
2021-07-20 00:00:00+00:00,,0,,0,0,,0,0.0,
2021-07-21 00:00:00+00:00,,0,,0,0,,0,0.0,
2021-07-22 00:00:00+00:00,,0,,0,0,,0,0.0,
2021-07-23 00:00:00+00:00,,0,,0,0,,0,0.0,
2021-07-24 00:00:00+00:00,,0,,0,0,,0,0.0,
2021-07-25 00:00:00+00:00,,0,,0,0,,0,0.0,
2021-07-26 00:00:00+00:00,,0,,0,0,,0,0.0,
2021-07-27 00:00:00+00:00,,0,,0,0,,0,0.0,
2021-07-28 00:00:00+00:00,,0,,0,0,,0,0.0,
2021-07-29 00:00:00+00:00,,0,,0,0,,0,0.0,
2021-07-30 00:00:00+00:00,,0,,0,0,,0,0.0,
2021-07-31 00:00:00+00:00,,0,,0,0,,0,0.0,
2021-08-01 00:00:00+00:00,,0,,0,0,,0,0.0,
2021-08-02 00:00:00+00:00,,0,,0,0,,0,0.0,
2021-08-03 00:00:00+00:00,,0,,0,0,,0,0.0,
2021-08-04 00:00:00+00:00,,0,,0,0,,0,0.0,
2021-08-05 00:00:00+00:00,,0,,0,0,,0,0.0,
2021-08-06 00:00:00+00:00,,0,,0,0,,0,0.0,
2021-08-07 00:00:00+00:00,,0,,0,0,,0,0.0,
2021-08-08 00:00:00+00:00,,0,,0,0,,0,0.0,
2021-08-09 00:00:00+00:00,,0,,0,0,,0,0.0,
2021-08-10 00:00:00+00:00,,0,,0,0,,0,0.0,
2021-08-11 00:00:00+00:00,1.0,91,0.0,3,0,1.0,0,0.0,0.0
2021-08-12 00:00:00+00:00,0.0,197,0.0,9,0,1.0,1,0.0,1.0
2021-08-13 00:00:00+00:00,0.0,843,1.0,9,0,1.0,0,0.0,1.0
2021-08-14 00:00:00+00:00,0.0,371,1.0,4,0,1.0,0,0.0,1.0
2021-08-15 00:00:00+00:00,0.0,850,0.0,5,0,1.0,1,0.0,1.0
2021-08-16 00:00:00+00:00,0.0,1087,0.0,6,0,1.0,0,0.0,1.0
2021-08-17 00:00:00+00:00,0.0,1303,0.0,5,0,1.0,0,0.0,1.0
2021-08-18 00:00:00+00:00,0.0,1470,0.0,9,0,1.0,0,0.0,0.0
2021-08-19 00:00:00+00:00,0.0,995,0.0,13,0,1.0,0,0.0,0.0
2021-08-20 00:00:00+00:00,0.0,1952,1.0,10,0,1.0,1,0.0,1.0
2021-08-21 00:00:00+00:00,0.0,1169,1.0,7,0,1.0,0,0.0,1.0
2021-08-22 00:00:00+00:00,0.0,963,1.0,13,0,1.0,0,0.0,1.0
2021-08-23 00:00:00+00:00,0.0,817,0.0,7,0,1.0,0,0.0,1.0
2021-08-24 00:00:00+00:00,0.0,921,0.0,10,0,1.0,0,0.0,1.0
2021-08-25 00:00:00+00:00,0.0,916,0.0,9,0,1.0,0,0.0,1.0
2021-08-26 00:00:00+00:00,0.0,20,0.0,8,0,1.0,0,0.0,1.0
2021-08-27 00:00:00+00:00,0.0,1008,1.0,8,0,1.0,0,0.0,0.0
2021-08-28 00:00:00+00:00,0.0,574,1.0,7,0,1.0,0,0.0,1.0
2021-08-29 00:00:00+00:00,0.0,736,1.0,12,0,1.0,0,0.0,1.0
2021-08-30 00:00:00+00:00,0.0,373,1.0,5,0,1.0,3,0.0,1.0
2021-08-31 00:00:00+00:00,0.0,19,1.0,5,0,1.0,0,0.0,1.0
2021-09-01 00:00:00+00:00,0.0,137,1.0,10,0,1.0,0,0.0,1.0
2021-09-02 00:00:00+00:00,0.0,469,0.0,8,0,1.0,0,0.0,1.0
2021-09-03 00:00:00+00:00,0.0,119,1.0,9,0,1.0,0,0.0,1.0
2021-09-04 00:00:00+00:00,0.0,15,1.0,12,0,1.0,0,0.0,1.0
2021-09-05 00:00:00+00:00,0.0,188,1.0,15,0,1.0,5,0.0,1.0
2021-09-06 00:00:00+00:00,0.0,135,0.0,12,0,1.0,6,0.0,1.0
2021-09-07 00:00:00+00:00,0.0,390,1.0,7,0,1.0,14,0.0,1.0
2021-09-08 00:00:00+00:00,0.0,332,0.0,4,0,1.0,5,0.0,1.0
2021-09-09 00:00:00+00:00,0.0,18,1.0,5,0,1.0,20,0.0,1.0
2021-09-10 00:00:00+00:00,0.0,16,1.0,6,0,1.0,5,0.0,1.0
2021-09-11 00:00:00+00:00,0.0,139,1.0,8,0,1.0,18,0.0,1.0
2021-09-12 00:00:00+00:00,0.0,328,1.0,12,0,1.0,0,0.0,1.0
2021-09-13 00:00:00+00:00,0.0,401,1.0,9,0,1.0,1,0.0,1.0
2021-09-14 00:00:00+00:00,0.0,42,1.0,11,0,1.0,14,0.0,1.0
2021-09-15 00:00:00+00:00,0.0,395,1.0,8,0,1.0,1,0.0,1.0
2021-09-16 00:00:00+00:00,0.0,347,1.0,8,0,1.0,2,0.0,1.0
2021-09-17 00:00:00+00:00,0.0,132,1.0,9,0,1.0,0,0.0,1.0
2021-09-18 00:00:00+00:00,0.0,113,1.0,11,0,1.0,4,0.0,1.0
2021-09-19 00:00:00+00:00,0.0,208,1.0,3,0,1.0,1,0.0,1.0
2021-09-20 00:00:00+00:00,0.0,450,1.0,3,0,1.0,0,0.0,1.0
2021-09-21 00:00:00+00:00,0.0,260,1.0,9,0,1.0,0,0.0,1.0
2021-09-22 00:00:00+00:00,0.0,85,1.0,12,0,1.0,1,0.0,1.0
2021-09-23 00:00:00+00:00,0.0,45,1.0,9,0,1.0,0,0.0,1.0
2021-09-24 00:00:00+00:00,0.0,307,1.0,10,0,1.0,0,0.0,1.0
2021-09-25 00:00:00+00:00,0.0,413,1.0,17,0,1.0,3,0.0,1.0
2021-09-26 00:00:00+00:00,0.0,338,1.0,13,0,1.0,0,0.0,1.0
2021-09-27 00:00:00+00:00,0.0,112,1.0,12,0,1.0,0,0.0,1.0
2021-09-28 00:00:00+00:00,0.0,188,1.0,4,0,1.0,3,0.0,1.0
2021-09-29 00:00:00+00:00,0.0,136,1.0,6,0,1.0,0,0.0,1.0
2021-09-30 00:00:00+00:00,0.0,210,1.0,7,0,1.0,0,0.0,1.0
2021-10-01 00:00:00+00:00,0.0,24,1.0,7,0,1.0,0,0.0,1.0
2021-10-02 00:00:00+00:00,0.0,24,1.0,9,0,1.0,2,0.0,1.0
2021-10-03 00:00:00+00:00,0.0,205,1.0,10,0,1.0,0,0.0,1.0
2021-10-04 00:00:00+00:00,0.0,32,1.0,4,0,1.0,3,0.0,1.0
2021-10-05 00:00:00+00:00,0.0,104,1.0,5,0,1.0,19,0.0,1.0
2021-10-06 00:00:00+00:00,0.0,149,1.0,4,0,1.0,1,0.0,1.0
2021-10-07 00:00:00+00:00,0.0,192,1.0,4,0,1.0,9,0.0,1.0
2021-10-08 00:00:00+00:00,0.0,139,1.0,0,0,1.0,0,0.0,1.0
2021-10-09 00:00:00+00:00,0.0,0,1.0,6,0,1.0,0,0.0,1.0
2021-10-10 00:00:00+00:00,0.0,111,1.0,7,0,1.0,2,0.0,1.0
2021-10-11 00:00:00+00:00,0.0,7,1.0,3,0,1.0,18,0.0,1.0
2021-10-12 00:00:00+00:00,0.0,436,1.0,0,0,1.0,0,0.0,1.0
2021-10-13 00:00:00+00:00,0.0,5,1.0,5,0,1.0,0,0.0,1.0
2021-10-14 00:00:00+00:00,0.0,77,1.0,3,0,1.0,0,0.0,1.0
2021-10-15 00:00:00+00:00,0.0,85,1.0,9,0,1.0,0,0.0,1.0
2021-10-16 00:00:00+00:00,0.0,216,1.0,7,0,1.0,0,0.0,1.0
2021-10-17 00:00:00+00:00,0.0,93,1.0,8,0,1.0,0,0.0,1.0
2021-10-18 00:00:00+00:00,0.0,457,1.0,0,0,1.0,2,0.0,1.0
2021-10-19 00:00:00+00:00,0.0,158,1.0,4,0,1.0,0,0.0,1.0
2021-10-20 00:00:00+00:00,0.0,195,1.0,1,0,1.0,4,0.0,1.0
2021-10-21 00:00:00+00:00,0.0,417,1.0,5,0,1.0,0,0.0,1.0
2021-10-22 00:00:00+00:00,0.0,174,1.0,1,0,1.0,0,0.0,1.0
2021-10-23 00:00:00+00:00,0.0,308,1.0,1,0,1.0,0,0.0,1.0
2021-10-24 00:00:00+00:00,0.0,204,1.0,0,0,1.0,10,0.0,1.0
2021-10-25 00:00:00+00:00,0.0,666,1.0,0,0,1.0,1,0.0,1.0
2021-10-26 00:00:00+00:00,0.0,98,1.0,0,0,1.0,3,0.0,1.0
2021-10-27 00:00:00+00:00,0.0,351,1.0,6,0,1.0,0,0.0,1.0
2021-10-28 00:00:00+00:00,0.0,140,1.0,3,0,1.0,0,0.0,1.0
2021-10-29 00:00:00+00:00,0.0,373,1.0,2,0,1.0,0,0.0,1.0
2021-10-30 00:00:00+00:00,0.0,518,1.0,7,0,1.0,0,0.0,1.0
2021-10-31 00:00:00+00:00,0.0,210,1.0,11,0,1.0,1,0.0,1.0
2021-11-01 00:00:00+00:00,0.0,692,1.0,3,0,1.0,0,0.0,1.0
2021-11-02 00:00:00+00:00,0.0,241,1.0,9,0,1.0,0,0.0,1.0
2021-11-03 00:00:00+00:00,0.0,406,1.0,9,0,1.0,0,0.0,1.0
2021-11-04 00:00:00+00:00,0.0,152,1.0,7,0,1.0,5,0.0,1.0
2021-11-05 00:00:00+00:00,0.0,319,1.0,1,0,1.0,0,0.0,1.0
2021-11-06 00:00:00+00:00,0.0,239,1.0,9,0,1.0,0,0.0,1.0
2021-11-07 00:00:00+00:00,0.0,5,1.0,0,0,1.0,0,0.0,1.0
2021-11-08 00:00:00+00:00,0.0,94,1.0,0,0,1.0,1,0.0,1.0
2021-11-09 00:00:00+00:00,0.0,208,1.0,0,0,1.0,1,0.0,1.0
2021-11-10 00:00:00+00:00,0.0,721,1.0,0,0,1.0,0,0.0,1.0
2021-11-11 00:00:00+00:00,0.0,234,1.0,0,0,1.0,0,0.0,1.0
2021-11-12 00:00:00+00:00,0.0,240,1.0,0,0,1.0,0,0.0,1.0
2021-11-13 00:00:00+00:00,0.0,513,1.0,0,0,1.0,0,0.0,1.0
2021-11-14 00:00:00+00:00,0.0,147,1.0,0,0,1.0,0,0.0,1.0
2021-11-15 00:00:00+00:00,0.0,92,1.0,0,0,1.0,0,0.0,1.0
2021-11-16 00:00:00+00:00,0.0,25,1.0,0,0,1.0,19,0.0,1.0
2021-11-17 00:00:00+00:00,0.0,70,1.0,0,0,1.0,3,0.0,1.0
2021-11-18 00:00:00+00:00,0.0,6,1.0,0,0,1.0,0,0.0,1.0
2021-11-19 00:00:00+00:00,0.0,0,1.0,0,0,1.0,0,0.0,1.0
2021-11-20 00:00:00+00:00,0.0,15,1.0,0,0,1.0,0,0.0,1.0
2021-11-21 00:00:00+00:00,0.0,7,0.0,0,0,1.0,0,0.0,1.0
2021-11-22 00:00:00+00:00,0.0,0,0.0,0,0,0.0,0,0.0,0.0
2021-11-23 00:00:00+00:00,0.0,0,0.0,0,0,0.0,0,0.0,0.0
2021-11-24 00:00:00+00:00,0.0,0,0.0,0,0,0.0,0,0.0,0.0
2021-11-25 00:00:00+00:00,0.0,0,0.0,0,0,0.0,0,0.0,0.0
2021-11-26 00:00:00+00:00,0.0,0,0.0,0,0,0.0,0,0.0,0.0
2021-11-27 00:00:00+00:00,0.0,0,0.0,0,0,0.0,0,0.0,0.0
2021-11-28 00:00:00+00:00,0.0,0,0.0,0,0,0.0,0,0.0,0.0
2021-11-29 00:00:00+00:00,0.0,0,0.0,0,0,0.0,0,0.0,0.0
2021-11-30 00:00:00+00:00,0.0,0,0.0,0,0,0.0,0,0.0,0.0
2021-12-01 00:00:00+00:00,0.0,0,0.0,0,0,0.0,0,0.0,0.0
2021-12-02 00:00:00+00:00,0.0,0,0.0,0,0,0.0,0,0.0,0.0
2021-12-03 00:00:00+00:00,0.0,0,0.0,0,0,0.0,0,0.0,0.0
2021-12-04 00:00:00+00:00,0.0,0,0.0,0,0,0.0,0,0.0,0.0
2021-12-05 00:00:00+00:00,0.0,0,0.0,0,0,0.0,0,0.0,0.0
2021-12-06 00:00:00+00:00,0.0,0,0.0,0,0,0.0,0,0.0,0.0
2021-12-07 00:00:00+00:00,0.0,0,0.0,0,0,0.0,0,0.0,0.0
2021-12-08 00:00:00+00:00,0.0,0,0.0,0,0,0.0,0,0.0,0.0
2021-12-09 00:00:00+00:00,0.0,0,0.0,0,0,0.0,0,0.0,0.0
2021-12-10 00:00:00+00:00,0.0,0,0.0,0,0,0.0,0,0.0,0.0
2021-12-11 00:00:00+00:00,0.0,0,0.0,0,0,0.0,0,0.0,0.0
2021-12-12 00:00:00+00:00,0.0,0,0.0,0,0,0.0,0,0.0,0.0
2021-12-13 00:00:00+00:00,0.0,0,0.0,0,0,0.0,0,0.0,0.0
2021-12-14 00:00:00+00:00,0.0,0,0.0,0,0,0.0,0,0.0,0.0
2021-12-15 00:00:00+00:00,0.0,0,0.0,0,0,0.0,0,0.0,0.0
2021-12-16 00:00:00+00:00,0.0,0,0.0,0,0,0.0,0,0.0,0.0
2021-12-17 00:00:00+00:00,0.0,0,0.0,0,0,0.0,0,0.0,0.0
2021-12-18 00:00:00+00:00,0.0,0,0.0,0,0,0.0,0,0.0,0.0
2021-12-19 00:00:00+00:00,0.0,0,0.0,0,0,0.0,0,0.0,0.0
2021-12-20 00:00:00+00:00,0.0,0,0.0,0,0,0.0,0,0.0,0.0
2021-12-21 00:00:00+00:00,0.0,0,0.0,0,0,0.0,0,0.0,0.0
2021-12-22 00:00:00+00:00,0.0,0,0.0,0,0,0.0,0,0.0,0.0
2021-12-23 00:00:00+00:00,0.0,0,0.0,0,0,0.0,0,0.0,0.0
2021-12-24 00:00:00+00:00,0.0,0,0.0,0,0,0.0,0,0.0,0.0
2021-12-25 00:00:00+00:00,0.0,0,0.0,0,0,0.0,0,0.0,0.0
2021-12-26 00:00:00+00:00,0.0,0,0.0,0,0,0.0,0,0.0,0.0
2021-12-27 00:00:00+00:00,0.0,0,0.0,0,0,0.0,0,0.0,0.0
2021-12-28 00:00:00+00:00,0.0,0,0.0,0,0,0.0,0,0.0,0.0
2021-12-29 00:00:00+00:00,0.0,0,0.0,0,0,0.0,0,0.0,0.0
2021-12-30 00:00:00+00:00,0.0,0,0.0,0,0,0.0,0,0.0,0.0
2021-12-31 00:00:00+00:00,0.0,0,0.0,0,0,0.0,0,0.0,0.0
2022-01-01 00:00:00+00:00,0.0,0,0.0,0,0,0.0,0,0.0,0.0
2022-01-02 00:00:00+00:00,0.0,0,0.0,0,0,0.0,0,0.0,0.0
2022-01-03 00:00:00+00:00,0.0,0,0.0,0,0,0.0,0,0.0,0.0
2022-01-04 00:00:00+00:00,0.0,0,0.0,0,0,0.0,0,0.0,0.0
2022-01-05 00:00:00+00:00,0.0,0,0.0,0,0,0.0,0,0.0,0.0
2022-01-06 00:00:00+00:00,0.0,0,0.0,0,0,0.0,0,0.0,0.0
2022-01-07 00:00:00+00:00,0.0,0,0.0,0,0,0.0,0,0.0,0.0
2022-01-08 00:00:00+00:00,0.0,0,0.0,0,0,0.0,0,0.0,0.0
2022-01-09 00:00:00+00:00,0.0,0,0.0,0,0,0.0,0,0.0,0.0
2022-01-10 00:00:00+00:00,0.0,0,0.0,0,0,0.0,0,0.0,0.0
2022-01-11 00:00:00+00:00,0.0,0,0.0,0,0,0.0,0,0.0,0.0
2022-01-12 00:00:00+00:00,0.0,0,0.0,0,0,0.0,0,0.0,0.0
2022-01-13 00:00:00+00:00,0.0,0,0.0,0,0,0.0,0,0.0,0.0
2022-01-14 00:00:00+00:00,0.0,0,0.0,0,0,0.0,0,0.0,0.0
2022-01-15 00:00:00+00:00,0.0,0,0.0,0,0,0.0,0,0.0,0.0
2022-01-16 00:00:00+00:00,0.0,0,0.0,0,0,0.0,0,0.0,0.0
2022-01-17 00:00:00+00:00,0.0,0,0.0,0,0,0.0,0,0.0,0.0
2022-01-18 00:00:00+00:00,0.0,0,0.0,0,0,0.0,0,0.0,0.0
2022-01-19 00:00:00+00:00,0.0,0,0.0,0,0,0.0,0,0.0,0.0
2022-01-20 00:00:00+00:00,0.0,0,0.0,0,0,0.0,0,0.0,0.0
2022-01-21 00:00:00+00:00,0.0,0,0.0,0,0,0.0,0,0.0,0.0
2022-01-22 00:00:00+00:00,0.0,0,0.0,0,0,0.0,0,0.0,0.0
2022-01-23 00:00:00+00:00,0.0,0,0.0,0,0,0.0,0,0.0,0.0
2022-01-24 00:00:00+00:00,0.0,0,0.0,0,0,0.0,0,0.0,0.0
2022-01-25 00:00:00+00:00,0.0,0,0.0,0,0,0.0,0,0.0,0.0
2022-01-26 00:00:00+00:00,0.0,0,0.0,0,0,0.0,0,0.0,0.0
2022-01-27 00:00:00+00:00,0.0,0,0.0,0,0,0.0,0,0.0,0.0
2022-01-28 00:00:00+00:00,0.0,0,0.0,0,0,0.0,0,0.0,0.0
2022-01-29 00:00:00+00:00,0.0,0,0.0,0,0,0.0,0,0.0,0.0
2022-01-30 00:00:00+00:00,0.0,0,0.0,0,0,0.0,0,0.0,0.0
2022-01-31 00:00:00+00:00,0.0,0,0.0,0,0,0.0,0,0.0,0.0
2022-02-01 00:00:00+00:00,0.0,0,0.0,0,0,0.0,0,0.0,0.0
2022-02-02 00:00:00+00:00,0.0,0,0.0,0,0,0.0,0,0.0,0.0
2022-02-03 00:00:00+00:00,0.0,0,0.0,0,0,0.0,0,0.0,0.0
2022-02-04 00:00:00+00:00,0.0,0,0.0,0,0,0.0,0,0.0,0.0
2022-02-05 00:00:00+00:00,0.0,0,0.0,0,0,0.0,0,0.0,0.0
2022-02-06 00:00:00+00:00,0.0,0,0.0,0,0,0.0,0,0.0,0.0
2022-02-07 00:00:00+00:00,0.0,0,0.0,0,0,0.0,0,0.0,0.0
2022-02-08 00:00:00+00:00,0.0,0,0.0,0,0,0.0,0,0.0,0.0
2022-02-09 00:00:00+00:00,0.0,0,0.0,0,0,0.0,0,0.0,0.0
2022-02-10 00:00:00+00:00,0.0,0,0.0,0,0,0.0,0,0.0,0.0
2022-02-11 00:00:00+00:00,0.0,0,0.0,0,0,0.0,0,0.0,0.0
2022-02-12 00:00:00+00:00,0.0,0,0.0,0,0,0.0,0,0.0,0.0
2022-02-13 00:00:00+00:00,0.0,0,0.0,0,0,0.0,0,0.0,0.0
2022-02-14 00:00:00+00:00,0.0,0,0.0,0,0,0.0,0,0.0,0.0
2022-02-15 00:00:00+00:00,0.0,0,0.0,0,0,0.0,0,0.0,0.0
2022-02-16 00:00:00+00:00,0.0,0,0.0,0,0,0.0,0,0.0,0.0
2022-02-17 00:00:00+00:00,0.0,0,0.0,0,0,0.0,0,0.0,0.0
2022-02-18 00:00:00+00:00,0.0,0,0.0,0,0,0.0,0,0.0,0.0
2022-02-19 00:00:00+00:00,0.0,0,0.0,0,0,0.0,0,0.0,0.0
2022-02-20 00:00:00+00:00,0.0,0,0.0,0,0,0.0,0,0.0,0.0
2022-02-21 00:00:00+00:00,0.0,0,0.0,0,0,0.0,0,0.0,0.0
2022-02-22 00:00:00+00:00,0.0,0,0.0,0,0,0.0,0,0.0,0.0
2022-02-23 00:00:00+00:00,0.0,0,0.0,0,0,0.0,0,0.0,0.0
2022-02-24 00:00:00+00:00,0.0,0,0.0,0,0,0.0,0,0.0,0.0
2022-02-25 00:00:00+00:00,0.0,0,0.0,0,0,0.0,0,0.0,0.0
2022-02-26 00:00:00+00:00,0.0,0,0.0,0,0,0.0,0,0.0,0.0
2022-02-27 00:00:00+00:00,0.0,0,0.0,0,0,0.0,0,0.0,0.0
2022-02-28 00:00:00+00:00,0.0,0,0.0,0,0,0.0,0,0.0,0.0
2022-03-01 00:00:00+00:00,0.0,0,0.0,0,0,0.0,0,0.0,0.0
2022-03-02 00:00:00+00:00,0.0,0,0.0,0,0,0.0,0,0.0,0.0
2022-03-03 00:00:00+00:00,0.0,0,0.0,0,0,0.0,0,0.0,0.0
2022-03-04 00:00:00+00:00,0.0,0,0.0,0,0,0.0,0,0.0,0.0
2022-03-05 00:00:00+00:00,0.0,0,0.0,0,0,0.0,0,0.0,0.0
2022-03-06 00:00:00+00:00,0.0,0,0.0,0,0,0.0,0,0.0,0.0
2022-03-07 00:00:00+00:00,0.0,0,0.0,0,0,0.0,0,0.0,0.0
2022-03-08 00:00:00+00:00,0.0,0,0.0,0,0,0.0,0,0.0,0.0
2022-03-09 00:00:00+00:00,0.0,0,0.0,0,0,0.0,0,0.0,0.0
2022-03-10 00:00:00+00:00,0.0,0,0.0,0,0,0.0,0,0.0,0.0
2022-03-11 00:00:00+00:00,0.0,0,0.0,0,0,0.0,0,0.0,0.0
2022-03-12 00:00:00+00:00,0.0,0,0.0,0,0,0.0,0,0.0,0.0
2022-03-13 00:00:00+00:00,0.0,0,0.0,0,0,0.0,0,0.0,0.0
2022-03-14 00:00:00+00:00,0.0,0,0.0,0,0,0.0,0,0.0,0.0
2022-03-15 00:00:00+00:00,0.0,0,0.0,0,0,0.0,0,0.0,0.0
2022-03-16 00:00:00+00:00,0.0,0,0.0,0,0,0.0,0,0.0,0.0
2022-03-17 00:00:00+00:00,0.0,0,0.0,0,0,0.0,0,0.0,0.0
2022-03-18 00:00:00+00:00,0.0,0,0.0,0,0,0.0,0,0.0,0.0
2022-03-19 00:00:00+00:00,0.0,0,0.0,0,0,0.0,0,0.0,0.0
2022-03-20 00:00:00+00:00,0.0,0,0.0,0,0,0.0,0,0.0,0.0
2022-03-21 00:00:00+00:00,0.0,0,0.0,0,0,0.0,0,0.0,0.0
2022-03-22 00:00:00+00:00,0.0,0,0.0,0,0,0.0,0,0.0,0.0
2022-03-23 00:00:00+00:00,0.0,0,0.0,0,0,0.0,0,0.0,0.0
2022-03-24 00:00:00+00:00,0.0,0,0.0,0,0,0.0,0,0.0,0.0
2022-03-25 00:00:00+00:00,0.0,0,0.0,0,0,0.0,0,0.0,0.0
2022-03-26 00:00:00+00:00,0.0,0,0.0,0,0,0.0,0,0.0,0.0
2022-03-27 00:00:00+00:00,0.0,0,0.0,0,0,0.0,0,0.0,0.0
2022-03-28 00:00:00+00:00,0.0,0,0.0,0,0,0.0,0,0.0,0.0
2022-03-29 00:00:00+00:00,0.0,0,0.0,0,0,0.0,0,0.0,0.0
2022-03-30 00:00:00+00:00,0.0,0,0.0,0,0,0.0,0,0.0,0.0
2022-03-31 00:00:00+00:00,0.0,0,0.0,0,0,0.0,0,0.0,0.0
2022-04-01 00:00:00+00:00,0.0,0,0.0,0,0,0.0,0,0.0,0.0
2022-04-02 00:00:00+00:00,0.0,0,0.0,0,0,0.0,0,0.0,0.0
2022-04-03 00:00:00+00:00,0.0,0,0.0,0,0,0.0,0,0.0,0.0
2022-04-04 00:00:00+00:00,0.0,0,0.0,0,0,0.0,0,0.0,0.0
2022-04-05 00:00:00+00:00,0.0,0,0.0,0,0,0.0,0,0.0,0.0
2022-04-06 00:00:00+00:00,0.0,0,0.0,0,0,0.0,0,0.0,0.0
2022-04-07 00:00:00+00:00,0.0,0,0.0,0,0,0.0,0,0.0,0.0
2022-04-08 00:00:00+00:00,0.0,0,0.0,0,0,0.0,0,0.0,0.0
2022-04-09 00:00:00+00:00,0.0,0,0.0,0,0,0.0,0,0.0,0.0
2022-04-10 00:00:00+00:00,0.0,0,0.0,0,0,0.0,0,0.0,0.0
2022-04-11 00:00:00+00:00,0.0,0,0.0,0,0,0.0,0,0.0,0.0
2022-04-12 00:00:00+00:00,0.0,0,0.0,0,0,0.0,0,0.0,0.0
2022-04-13 00:00:00+00:00,0.0,0,0.0,0,0,0.0,0,0.0,0.0
2022-04-14 00:00:00+00:00,0.0,0,0.0,0,0,0.0,0,0.0,0.0
2022-04-15 00:00:00+00:00,0.0,0,0.0,0,0,0.0,0,0.0,0.0
2022-04-16 00:00:00+00:00,0.0,0,0.0,0,0,0.0,0,0.0,0.0
2022-04-17 00:00:00+00:00,0.0,0,0.0,0,0,0.0,0,0.0,0.0
2022-04-18 00:00:00+00:00,0.0,0,0.0,0,0,0.0,0,0.0,0.0
2022-04-19 00:00:00+00:00,0.0,0,0.0,0,0,0.0,0,0.0,0.0
2022-04-20 00:00:00+00:00,0.0,0,0.0,0,0,0.0,0,0.0,0.0
2022-04-21 00:00:00+00:00,0.0,0,0.0,0,0,0.0,0,0.0,0.0
2022-04-22 00:00:00+00:00,0.0,0,0.0,0,0,0.0,0,0.0,0.0
2022-04-23 00:00:00+00:00,0.0,0,0.0,0,0,0.0,0,0.0,0.0
2022-04-24 00:00:00+00:00,0.0,0,0.0,0,0,0.0,0,0.0,0.0
2022-04-25 00:00:00+00:00,0.0,0,0.0,0,0,0.0,0,0.0,0.0
2022-04-26 00:00:00+00:00,0.0,0,0.0,0,0,0.0,0,0.0,0.0
2022-04-27 00:00:00+00:00,0.0,0,0.0,0,0,0.0,0,0.0,0.0
2022-04-28 00:00:00+00:00,0.0,0,0.0,0,0,0.0,0,0.0,0.0
2022-04-29 00:00:00+00:00,0.0,0,0.0,0,0,0.0,0,0.0,0.0
2022-04-30 00:00:00+00:00,0.0,0,0.0,0,0,0.0,0,0.0,0.0
